,giffile
0,https://media2.giphy.com/media/GwctFBl59kizK/giphy-tumblr.gif?cid=e1bb72ff5adf0aea766c763045de7cf1
1,https://media1.giphy.com/media/Par5Lr4amEIgg/giphy-downsized.gif?cid=e1bb72ff5adf0aea766c763045de7cf1
2,https://media1.giphy.com/media/2G5llPaffwvio/giphy-downsized.gif?cid=e1bb72ff5adf0aea766c763045de7cf1
3,https://media2.giphy.com/media/TQmVlE6Kmg69q/giphy-downsized.gif?cid=e1bb72ff5adf0aea766c763045de7cf1
4,https://media3.giphy.com/media/VRYdgVNnAHi3S/giphy-downsized.gif?cid=e1bb72ff5adf0aea766c763045de7cf1
5,https://media1.giphy.com/media/qhMsjVL35aVOw/giphy-downsized.gif?cid=e1bb72ff5adf0aea766c763045de7cf1
6,https://media2.giphy.com/media/3xcgOys22TQ08/giphy-downsized.gif?cid=e1bb72ff5adf0aea766c763045de7cf1
7,https://media1.giphy.com/media/10zIbdVxmB3NkI/giphy-downsized.gif?cid=e1bb72ff5adf0aea766c763045de7cf1
8,https://media3.giphy.com/media/emJ13ErLi2Tlu/giphy-downsized.gif?cid=e1bb72ff5adf0aea766c763045de7cf1
9,https://media2.giphy.com/media/xT9IgFjJq76sSsFR1S/giphy-downsized.gif?cid=e1bb72ff5adf0aea766c763045de7cf1
10,https://media3.giphy.com/media/3xaLSTTF2XvWg/giphy-downsized.gif?cid=e1bb72ff5adf0aea766c763045de7cf1
11,https://media1.giphy.com/media/Jjquz4cpSRc9a/giphy-downsized.gif?cid=e1bb72ff5adf0aea766c763045de7cf1
12,https://media0.giphy.com/media/nNAUV1Bhtwe5y/giphy.gif?cid=e1bb72ff5adf0aea766c763045de7cf1
13,https://media3.giphy.com/media/jN0Qacn2Lzge4/giphy-downsized.gif?cid=e1bb72ff5adf0aea766c763045de7cf1
14,https://media1.giphy.com/media/3VChYhxddKEEM/giphy-tumblr.gif?cid=e1bb72ff5adf0aea766c763045de7cf1
15,https://media0.giphy.com/media/tDQ7zM3uxPLIA/giphy-downsized.gif?cid=e1bb72ff5adf0aea766c763045de7cf1
16,https://media1.giphy.com/media/USIcpj1675kTm/giphy.gif?cid=e1bb72ff5adf0aea766c763045de7cf1
17,https://media0.giphy.com/media/vjnikWWZmfRyE/giphy-downsized.gif?cid=e1bb72ff5adf0aea766c763045de7cf1
18,https://media2.giphy.com/media/ZHSKAiSGyGAmc/giphy-tumblr.gif?cid=e1bb72ff5adf0aea766c763045de7cf1
19,https://media1.giphy.com/media/f6EBncNR2ofrW/giphy-downsized.gif?cid=e1bb72ff5adf0aea766c763045de7cf1
20,https://media1.giphy.com/media/HLA4BlnP6Hmw0/giphy-downsized.gif?cid=e1bb72ff5adf0aea766c763045de7cf1
21,https://media3.giphy.com/media/IlXnu7XUWlXfW/giphy-downsized.gif?cid=e1bb72ff5adf0aea766c763045de7cf1
22,https://media0.giphy.com/media/dfqeeBMMNL6Ew/giphy-downsized.gif?cid=e1bb72ff5adf0aea766c763045de7cf1
23,https://media0.giphy.com/media/5XbzI6FaeEnJu/giphy-downsized.gif?cid=e1bb72ff5adf0aea766c763045de7cf1
24,https://media1.giphy.com/media/nsh9mfiQyAF3y/giphy-downsized.gif?cid=e1bb72ff5adf0aea766c763045de7cf1
25,https://media2.giphy.com/media/AyTyUH9JXVS4E/giphy-downsized.gif?cid=e1bb72ff5adf0aeb4f6b724836507d32
26,https://media0.giphy.com/media/CqDAi6VQOf9Ha/giphy-downsized.gif?cid=e1bb72ff5adf0aeb4f6b724836507d32
27,https://media1.giphy.com/media/AOs63kSosNTLa/giphy-downsized.gif?cid=e1bb72ff5adf0aeb4f6b724836507d32
28,https://media1.giphy.com/media/8q1gtvQ2Kth6g/giphy-downsized.gif?cid=e1bb72ff5adf0aeb4f6b724836507d32
29,https://media1.giphy.com/media/Kj6fc5dV0ZBMk/giphy-downsized.gif?cid=e1bb72ff5adf0aeb4f6b724836507d32
30,https://media3.giphy.com/media/cNlyGNiPQnUwU/giphy-downsized.gif?cid=e1bb72ff5adf0aeb4f6b724836507d32
31,https://media1.giphy.com/media/7hbNSFmZr728M/giphy-downsized.gif?cid=e1bb72ff5adf0aeb4f6b724836507d32
32,https://media2.giphy.com/media/uJNbCaJry6ZC8/giphy-downsized.gif?cid=e1bb72ff5adf0aeb4f6b724836507d32
33,https://media1.giphy.com/media/pHogncE7jkKaI/giphy.gif?cid=e1bb72ff5adf0aeb4f6b724836507d32
34,https://media0.giphy.com/media/TtJ6Y87xRXnY4/giphy-downsized.gif?cid=e1bb72ff5adf0aeb4f6b724836507d32
35,https://media1.giphy.com/media/BE8rp6F0WR5E4/giphy-downsized.gif?cid=e1bb72ff5adf0aeb4f6b724836507d32
36,https://media2.giphy.com/media/CTVCAN18lKvVm/giphy-downsized.gif?cid=e1bb72ff5adf0aeb4f6b724836507d32
37,https://media2.giphy.com/media/10sHlS1knPIa9W/giphy-downsized.gif?cid=e1bb72ff5adf0aeb4f6b724836507d32
38,https://media1.giphy.com/media/hapYQQbXjhOOk/giphy-downsized.gif?cid=e1bb72ff5adf0aeb4f6b724836507d32
39,https://media1.giphy.com/media/N2nEjxEeaXauc/giphy-downsized.gif?cid=e1bb72ff5adf0aeb4f6b724836507d32
40,https://media0.giphy.com/media/nihokbGq3W9rO/giphy-downsized.gif?cid=e1bb72ff5adf0aeb4f6b724836507d32
41,https://media3.giphy.com/media/IBeGwp4jqoVS8/giphy-downsized.gif?cid=e1bb72ff5adf0aeb4f6b724836507d32
42,https://media3.giphy.com/media/YFab9wGKu2jcY/giphy.gif?cid=e1bb72ff5adf0aeb4f6b724836507d32
43,https://media3.giphy.com/media/gePthY98ByzAY/giphy.gif?cid=e1bb72ff5adf0aeb4f6b724836507d32
44,https://media3.giphy.com/media/cttH3mB5wn1GIQPMar/giphy-downsized.gif?cid=e1bb72ff5adf0aeb4f6b724836507d32
45,https://media1.giphy.com/media/2xPPiPgwdKfhycsfKA/giphy.gif?cid=e1bb72ff5adf0aeb4f6b724836507d32
46,https://media0.giphy.com/media/m4WbHDnsSMYms/giphy.gif?cid=e1bb72ff5adf0aeb4f6b724836507d32
47,https://media2.giphy.com/media/ExevHR23Pm43m/giphy-downsized.gif?cid=e1bb72ff5adf0aeb4f6b724836507d32
48,https://media0.giphy.com/media/kd1N4R8PhzD9u/giphy-downsized.gif?cid=e1bb72ff5adf0aeb4f6b724836507d32
49,https://media2.giphy.com/media/WlVDQg4BYpmCs/giphy.gif?cid=e1bb72ff5adf0aeb4f6b724836507d32
50,https://media3.giphy.com/media/13wmA4yyqxHqvu/giphy-downsized.gif?cid=e1bb72ff5adf0aeb4f6b7248363850b4
51,https://media0.giphy.com/media/5J50gPnlLyIEw/giphy-downsized.gif?cid=e1bb72ff5adf0aeb4f6b7248363850b4
52,https://media1.giphy.com/media/EQZEnrrCxBXYA/giphy-downsized.gif?cid=e1bb72ff5adf0aeb4f6b7248363850b4
53,https://media0.giphy.com/media/3vEn7pzZvHu9y/giphy-downsized.gif?cid=e1bb72ff5adf0aeb4f6b7248363850b4
54,https://media3.giphy.com/media/hOtWgqo9Ppzlm/giphy-downsized.gif?cid=e1bb72ff5adf0aeb4f6b7248363850b4
55,https://media2.giphy.com/media/S6M1F6oyR5hAs/giphy-downsized.gif?cid=e1bb72ff5adf0aeb4f6b7248363850b4
56,https://media3.giphy.com/media/D1u7hj65rbq3C/giphy-downsized.gif?cid=e1bb72ff5adf0aeb4f6b7248363850b4
57,https://media0.giphy.com/media/Wnb9PD1Tnl3yg/giphy-downsized.gif?cid=e1bb72ff5adf0aeb4f6b7248363850b4
58,https://media0.giphy.com/media/hZo6Fqp2pcMgM/giphy-downsized.gif?cid=e1bb72ff5adf0aeb4f6b7248363850b4
59,https://media2.giphy.com/media/GPHyozA7QdCko/giphy.gif?cid=e1bb72ff5adf0aeb4f6b7248363850b4
60,https://media1.giphy.com/media/opvfQ2yAPC3VC/giphy.gif?cid=e1bb72ff5adf0aeb4f6b7248363850b4
61,https://media3.giphy.com/media/s0uyMcOm5Lkxq/giphy-tumblr.gif?cid=e1bb72ff5adf0aeb4f6b7248363850b4
62,https://media1.giphy.com/media/SfM7pd7MA4x8I/giphy.gif?cid=e1bb72ff5adf0aeb4f6b7248363850b4
63,https://media3.giphy.com/media/10B6vtyUDhgtAA/giphy-downsized.gif?cid=e1bb72ff5adf0aeb4f6b7248363850b4
64,https://media2.giphy.com/media/v5gRsus5CQs5W/giphy.gif?cid=e1bb72ff5adf0aeb4f6b7248363850b4
65,https://media3.giphy.com/media/MpZ46PCP0fEtO/giphy.gif?cid=e1bb72ff5adf0aeb4f6b7248363850b4
66,https://media2.giphy.com/media/darVl3YJnLEeA/giphy-downsized.gif?cid=e1bb72ff5adf0aeb4f6b7248363850b4
67,https://media2.giphy.com/media/NO0S4dlbhagvu/giphy-downsized.gif?cid=e1bb72ff5adf0aeb4f6b7248363850b4
68,https://media2.giphy.com/media/zYl51UA4UN0v6/giphy-downsized.gif?cid=e1bb72ff5adf0aeb4f6b7248363850b4
69,https://media1.giphy.com/media/2wUFAt0uLHrzYx1ier/giphy.gif?cid=e1bb72ff5adf0aeb4f6b7248363850b4
70,https://media3.giphy.com/media/HtONBuhBqNisU/giphy-downsized.gif?cid=e1bb72ff5adf0aeb4f6b7248363850b4
71,https://media3.giphy.com/media/fH6unaZG33gYw/giphy-downsized.gif?cid=e1bb72ff5adf0aeb4f6b7248363850b4
72,https://media0.giphy.com/media/bhpJ0EAcinyaA/giphy-downsized.gif?cid=e1bb72ff5adf0aeb4f6b7248363850b4
73,https://media1.giphy.com/media/MxO6UrUAhneyQ/giphy-downsized.gif?cid=e1bb72ff5adf0aeb4f6b7248363850b4
74,https://media1.giphy.com/media/AOrXF3bxsO5HO/giphy-downsized.gif?cid=e1bb72ff5adf0aeb4f6b7248363850b4
75,https://media3.giphy.com/media/3JwrT1ZFw6byE/giphy-downsized.gif?cid=e1bb72ff5adf0aec6b4b536155ba9526
76,https://media0.giphy.com/media/12XSJx0cpITtM4/giphy-downsized.gif?cid=e1bb72ff5adf0aec6b4b536155ba9526
77,https://media3.giphy.com/media/IOBv4CrFz4CrK/giphy-downsized.gif?cid=e1bb72ff5adf0aec6b4b536155ba9526
78,https://media3.giphy.com/media/DWovFNJwfCDbW/giphy-downsized.gif?cid=e1bb72ff5adf0aec6b4b536155ba9526
79,https://media1.giphy.com/media/Bbgv51Q5gcOnC/giphy-downsized.gif?cid=e1bb72ff5adf0aec6b4b536155ba9526
80,https://media3.giphy.com/media/QYuzrfif6jJuw/giphy-downsized.gif?cid=e1bb72ff5adf0aec6b4b536155ba9526
81,https://media3.giphy.com/media/eJUc52kl3485W/giphy-downsized.gif?cid=e1bb72ff5adf0aec6b4b536155ba9526
82,https://media1.giphy.com/media/12OTpnN7bnxD8I/giphy-downsized.gif?cid=e1bb72ff5adf0aec6b4b536155ba9526
83,https://media3.giphy.com/media/GaYSH9mgyc1SE/giphy-tumblr.gif?cid=e1bb72ff5adf0aec6b4b536155ba9526
84,https://media3.giphy.com/media/4Q1yT33NjVgQFM5cAQ/giphy-downsized.gif?cid=e1bb72ff5adf0aec6b4b536155ba9526
85,https://media0.giphy.com/media/Lm0AX8sLQmcJW/giphy-downsized.gif?cid=e1bb72ff5adf0aec6b4b536155ba9526
86,https://media2.giphy.com/media/fDcNzJAp78roQ/giphy-downsized.gif?cid=e1bb72ff5adf0aec6b4b536155ba9526
87,https://media1.giphy.com/media/M1S9wMIxm4bQs/giphy-downsized.gif?cid=e1bb72ff5adf0aec6b4b536155ba9526
88,https://media2.giphy.com/media/6HIYO4J8EaFos/giphy-downsized.gif?cid=e1bb72ff5adf0aec6b4b536155ba9526
89,https://media0.giphy.com/media/CZlrV2pBNWg3C/giphy-downsized.gif?cid=e1bb72ff5adf0aec6b4b536155ba9526
90,https://media2.giphy.com/media/8fFHc4t1Fj33y/giphy-downsized.gif?cid=e1bb72ff5adf0aec6b4b536155ba9526
91,https://media1.giphy.com/media/2hclk5K7Zn4nC/giphy-downsized.gif?cid=e1bb72ff5adf0aec6b4b536155ba9526
92,https://media2.giphy.com/media/p3Xn8XC79ZDvq/giphy.gif?cid=e1bb72ff5adf0aec6b4b536155ba9526
93,https://media3.giphy.com/media/14k3TOA2fVTBRu/giphy-downsized.gif?cid=e1bb72ff5adf0aec6b4b536155ba9526
94,https://media2.giphy.com/media/gjHpLsxS9PRMk/giphy.gif?cid=e1bb72ff5adf0aec6b4b536155ba9526
95,https://media1.giphy.com/media/X7FUesmL0CMbC/giphy-downsized.gif?cid=e1bb72ff5adf0aec6b4b536155ba9526
96,https://media2.giphy.com/media/vEhVeqokT9gti/giphy-downsized.gif?cid=e1bb72ff5adf0aec6b4b536155ba9526
97,https://media2.giphy.com/media/zhh4AV4planWU/giphy-downsized.gif?cid=e1bb72ff5adf0aec6b4b536155ba9526
98,https://media2.giphy.com/media/2xPVCVNjWnRP31pIC0/giphy-downsized.gif?cid=e1bb72ff5adf0aec6b4b536155ba9526
99,https://media0.giphy.com/media/xnajLUmxcl3Da/giphy.gif?cid=e1bb72ff5adf0aec6b4b536155ba9526
100,https://media0.giphy.com/media/10UnQKpvjttkAM/giphy-downsized.gif?cid=e1bb72ff5adf0aec6b4b5361559ec435
101,https://media1.giphy.com/media/AOfJzBDsN9xVC/giphy-downsized.gif?cid=e1bb72ff5adf0aec6b4b5361559ec435
102,https://media1.giphy.com/media/50xBFs9kxvzLW/giphy-tumblr.gif?cid=e1bb72ff5adf0aec6b4b5361559ec435
103,https://media0.giphy.com/media/lFGL1mTY9vyYo/giphy-downsized.gif?cid=e1bb72ff5adf0aec6b4b5361559ec435
104,https://media0.giphy.com/media/H3LEwuWmVy1Ms/giphy-tumblr.gif?cid=e1bb72ff5adf0aec6b4b5361559ec435
105,https://media0.giphy.com/media/cFf3HoF72uXao/giphy-downsized.gif?cid=e1bb72ff5adf0aec6b4b5361559ec435
106,https://media0.giphy.com/media/oJ8JfFCz1vkVG/giphy.gif?cid=e1bb72ff5adf0aec6b4b5361559ec435
107,https://media3.giphy.com/media/G65CjNHhDSDPG/giphy-tumblr.gif?cid=e1bb72ff5adf0aec6b4b5361559ec435
108,https://media1.giphy.com/media/KyUydx1xGhYT6/giphy-downsized.gif?cid=e1bb72ff5adf0aec6b4b5361559ec435
109,https://media0.giphy.com/media/xT1XGQ9TuiWq3Gb7z2/giphy-downsized.gif?cid=e1bb72ff5adf0aec6b4b5361559ec435
110,https://media1.giphy.com/media/NGfA1idYxCU24/giphy-downsized.gif?cid=e1bb72ff5adf0aec6b4b5361559ec435
111,https://media2.giphy.com/media/KUUXPIF439swE/giphy-downsized.gif?cid=e1bb72ff5adf0aec6b4b5361559ec435
112,https://media2.giphy.com/media/FCiBq3pRmd5bG/giphy-downsized.gif?cid=e1bb72ff5adf0aec6b4b5361559ec435
113,https://media0.giphy.com/media/uvdv57Rt4aIOA/giphy.gif?cid=e1bb72ff5adf0aec6b4b5361559ec435
114,https://media2.giphy.com/media/Ki83sBj21sypW/giphy-downsized.gif?cid=e1bb72ff5adf0aec6b4b5361559ec435
115,https://media2.giphy.com/media/b2SP9QlVyq1r2/giphy-downsized.gif?cid=e1bb72ff5adf0aec6b4b5361559ec435
116,https://media2.giphy.com/media/gx2Ui2hu4Ori8/giphy-tumblr.gif?cid=e1bb72ff5adf0aec6b4b5361559ec435
117,https://media3.giphy.com/media/TJ68bgiVI82JO/giphy-downsized.gif?cid=e1bb72ff5adf0aec6b4b5361559ec435
118,https://media3.giphy.com/media/148tgMI6HQ27LO/giphy-downsized.gif?cid=e1bb72ff5adf0aec6b4b5361559ec435
119,https://media2.giphy.com/media/l49JThpgIOD24fGxi/giphy.gif?cid=e1bb72ff5adf0aec6b4b5361559ec435
120,https://media3.giphy.com/media/zNeY0bnv5cn9C/giphy-downsized.gif?cid=e1bb72ff5adf0aec6b4b5361559ec435
121,https://media1.giphy.com/media/mUJKLVV6SrcOI/giphy-tumblr.gif?cid=e1bb72ff5adf0aec6b4b5361559ec435
122,https://media3.giphy.com/media/cECEiG5gIEwEg/giphy-downsized.gif?cid=e1bb72ff5adf0aec6b4b5361559ec435
123,https://media0.giphy.com/media/saOBjkasXxpRu/giphy.gif?cid=e1bb72ff5adf0aec6b4b5361559ec435
124,https://media2.giphy.com/media/as5KKEVkyZ8c0/giphy-downsized.gif?cid=e1bb72ff5adf0aec6b4b5361559ec435
125,https://media0.giphy.com/media/10UnQKpvjttkAM/giphy-downsized.gif?cid=e1bb72ff5adf0aec6b4b5361559ec435
126,https://media1.giphy.com/media/AOfJzBDsN9xVC/giphy-downsized.gif?cid=e1bb72ff5adf0aec6b4b5361559ec435
127,https://media1.giphy.com/media/50xBFs9kxvzLW/giphy-tumblr.gif?cid=e1bb72ff5adf0aec6b4b5361559ec435
128,https://media0.giphy.com/media/lFGL1mTY9vyYo/giphy-downsized.gif?cid=e1bb72ff5adf0aec6b4b5361559ec435
129,https://media0.giphy.com/media/H3LEwuWmVy1Ms/giphy-tumblr.gif?cid=e1bb72ff5adf0aec6b4b5361559ec435
130,https://media0.giphy.com/media/cFf3HoF72uXao/giphy-downsized.gif?cid=e1bb72ff5adf0aec6b4b5361559ec435
131,https://media0.giphy.com/media/oJ8JfFCz1vkVG/giphy.gif?cid=e1bb72ff5adf0aec6b4b5361559ec435
132,https://media3.giphy.com/media/G65CjNHhDSDPG/giphy-tumblr.gif?cid=e1bb72ff5adf0aec6b4b5361559ec435
133,https://media1.giphy.com/media/KyUydx1xGhYT6/giphy-downsized.gif?cid=e1bb72ff5adf0aec6b4b5361559ec435
134,https://media0.giphy.com/media/xT1XGQ9TuiWq3Gb7z2/giphy-downsized.gif?cid=e1bb72ff5adf0aec6b4b5361559ec435
135,https://media1.giphy.com/media/NGfA1idYxCU24/giphy-downsized.gif?cid=e1bb72ff5adf0aec6b4b5361559ec435
136,https://media2.giphy.com/media/KUUXPIF439swE/giphy-downsized.gif?cid=e1bb72ff5adf0aec6b4b5361559ec435
137,https://media2.giphy.com/media/FCiBq3pRmd5bG/giphy-downsized.gif?cid=e1bb72ff5adf0aec6b4b5361559ec435
138,https://media0.giphy.com/media/uvdv57Rt4aIOA/giphy.gif?cid=e1bb72ff5adf0aec6b4b5361559ec435
139,https://media2.giphy.com/media/Ki83sBj21sypW/giphy-downsized.gif?cid=e1bb72ff5adf0aec6b4b5361559ec435
140,https://media2.giphy.com/media/b2SP9QlVyq1r2/giphy-downsized.gif?cid=e1bb72ff5adf0aec6b4b5361559ec435
141,https://media2.giphy.com/media/gx2Ui2hu4Ori8/giphy-tumblr.gif?cid=e1bb72ff5adf0aec6b4b5361559ec435
142,https://media3.giphy.com/media/TJ68bgiVI82JO/giphy-downsized.gif?cid=e1bb72ff5adf0aec6b4b5361559ec435
143,https://media3.giphy.com/media/148tgMI6HQ27LO/giphy-downsized.gif?cid=e1bb72ff5adf0aec6b4b5361559ec435
144,https://media2.giphy.com/media/l49JThpgIOD24fGxi/giphy.gif?cid=e1bb72ff5adf0aec6b4b5361559ec435
145,https://media3.giphy.com/media/zNeY0bnv5cn9C/giphy-downsized.gif?cid=e1bb72ff5adf0aec6b4b5361559ec435
146,https://media1.giphy.com/media/mUJKLVV6SrcOI/giphy-tumblr.gif?cid=e1bb72ff5adf0aec6b4b5361559ec435
147,https://media3.giphy.com/media/cECEiG5gIEwEg/giphy-downsized.gif?cid=e1bb72ff5adf0aec6b4b5361559ec435
148,https://media0.giphy.com/media/saOBjkasXxpRu/giphy.gif?cid=e1bb72ff5adf0aec6b4b5361559ec435
149,https://media2.giphy.com/media/as5KKEVkyZ8c0/giphy-downsized.gif?cid=e1bb72ff5adf0aec6b4b5361559ec435
150,https://media0.giphy.com/media/10UnQKpvjttkAM/giphy-downsized.gif?cid=e1bb72ff5adf0aec6b4b5361559ec435
151,https://media1.giphy.com/media/AOfJzBDsN9xVC/giphy-downsized.gif?cid=e1bb72ff5adf0aec6b4b5361559ec435
152,https://media1.giphy.com/media/50xBFs9kxvzLW/giphy-tumblr.gif?cid=e1bb72ff5adf0aec6b4b5361559ec435
153,https://media0.giphy.com/media/lFGL1mTY9vyYo/giphy-downsized.gif?cid=e1bb72ff5adf0aec6b4b5361559ec435
154,https://media0.giphy.com/media/H3LEwuWmVy1Ms/giphy-tumblr.gif?cid=e1bb72ff5adf0aec6b4b5361559ec435
155,https://media0.giphy.com/media/cFf3HoF72uXao/giphy-downsized.gif?cid=e1bb72ff5adf0aec6b4b5361559ec435
156,https://media0.giphy.com/media/oJ8JfFCz1vkVG/giphy.gif?cid=e1bb72ff5adf0aec6b4b5361559ec435
157,https://media3.giphy.com/media/G65CjNHhDSDPG/giphy-tumblr.gif?cid=e1bb72ff5adf0aec6b4b5361559ec435
158,https://media1.giphy.com/media/KyUydx1xGhYT6/giphy-downsized.gif?cid=e1bb72ff5adf0aec6b4b5361559ec435
159,https://media0.giphy.com/media/xT1XGQ9TuiWq3Gb7z2/giphy-downsized.gif?cid=e1bb72ff5adf0aec6b4b5361559ec435
160,https://media1.giphy.com/media/NGfA1idYxCU24/giphy-downsized.gif?cid=e1bb72ff5adf0aec6b4b5361559ec435
161,https://media2.giphy.com/media/KUUXPIF439swE/giphy-downsized.gif?cid=e1bb72ff5adf0aec6b4b5361559ec435
162,https://media2.giphy.com/media/FCiBq3pRmd5bG/giphy-downsized.gif?cid=e1bb72ff5adf0aec6b4b5361559ec435
163,https://media0.giphy.com/media/uvdv57Rt4aIOA/giphy.gif?cid=e1bb72ff5adf0aec6b4b5361559ec435
164,https://media2.giphy.com/media/Ki83sBj21sypW/giphy-downsized.gif?cid=e1bb72ff5adf0aec6b4b5361559ec435
165,https://media2.giphy.com/media/b2SP9QlVyq1r2/giphy-downsized.gif?cid=e1bb72ff5adf0aec6b4b5361559ec435
166,https://media2.giphy.com/media/gx2Ui2hu4Ori8/giphy-tumblr.gif?cid=e1bb72ff5adf0aec6b4b5361559ec435
167,https://media3.giphy.com/media/TJ68bgiVI82JO/giphy-downsized.gif?cid=e1bb72ff5adf0aec6b4b5361559ec435
168,https://media3.giphy.com/media/148tgMI6HQ27LO/giphy-downsized.gif?cid=e1bb72ff5adf0aec6b4b5361559ec435
169,https://media2.giphy.com/media/l49JThpgIOD24fGxi/giphy.gif?cid=e1bb72ff5adf0aec6b4b5361559ec435
170,https://media3.giphy.com/media/zNeY0bnv5cn9C/giphy-downsized.gif?cid=e1bb72ff5adf0aec6b4b5361559ec435
171,https://media1.giphy.com/media/mUJKLVV6SrcOI/giphy-tumblr.gif?cid=e1bb72ff5adf0aec6b4b5361559ec435
172,https://media3.giphy.com/media/cECEiG5gIEwEg/giphy-downsized.gif?cid=e1bb72ff5adf0aec6b4b5361559ec435
173,https://media0.giphy.com/media/saOBjkasXxpRu/giphy.gif?cid=e1bb72ff5adf0aec6b4b5361559ec435
174,https://media2.giphy.com/media/as5KKEVkyZ8c0/giphy-downsized.gif?cid=e1bb72ff5adf0aec6b4b5361559ec435
175,https://media0.giphy.com/media/10UnQKpvjttkAM/giphy-downsized.gif?cid=e1bb72ff5adf0aec6b4b5361559ec435
176,https://media1.giphy.com/media/AOfJzBDsN9xVC/giphy-downsized.gif?cid=e1bb72ff5adf0aec6b4b5361559ec435
177,https://media1.giphy.com/media/50xBFs9kxvzLW/giphy-tumblr.gif?cid=e1bb72ff5adf0aec6b4b5361559ec435
178,https://media0.giphy.com/media/lFGL1mTY9vyYo/giphy-downsized.gif?cid=e1bb72ff5adf0aec6b4b5361559ec435
179,https://media0.giphy.com/media/H3LEwuWmVy1Ms/giphy-tumblr.gif?cid=e1bb72ff5adf0aec6b4b5361559ec435
180,https://media0.giphy.com/media/cFf3HoF72uXao/giphy-downsized.gif?cid=e1bb72ff5adf0aec6b4b5361559ec435
181,https://media0.giphy.com/media/oJ8JfFCz1vkVG/giphy.gif?cid=e1bb72ff5adf0aec6b4b5361559ec435
182,https://media3.giphy.com/media/G65CjNHhDSDPG/giphy-tumblr.gif?cid=e1bb72ff5adf0aec6b4b5361559ec435
183,https://media1.giphy.com/media/KyUydx1xGhYT6/giphy-downsized.gif?cid=e1bb72ff5adf0aec6b4b5361559ec435
184,https://media0.giphy.com/media/xT1XGQ9TuiWq3Gb7z2/giphy-downsized.gif?cid=e1bb72ff5adf0aec6b4b5361559ec435
185,https://media1.giphy.com/media/NGfA1idYxCU24/giphy-downsized.gif?cid=e1bb72ff5adf0aec6b4b5361559ec435
186,https://media2.giphy.com/media/KUUXPIF439swE/giphy-downsized.gif?cid=e1bb72ff5adf0aec6b4b5361559ec435
187,https://media2.giphy.com/media/FCiBq3pRmd5bG/giphy-downsized.gif?cid=e1bb72ff5adf0aec6b4b5361559ec435
188,https://media0.giphy.com/media/uvdv57Rt4aIOA/giphy.gif?cid=e1bb72ff5adf0aec6b4b5361559ec435
189,https://media2.giphy.com/media/Ki83sBj21sypW/giphy-downsized.gif?cid=e1bb72ff5adf0aec6b4b5361559ec435
190,https://media2.giphy.com/media/b2SP9QlVyq1r2/giphy-downsized.gif?cid=e1bb72ff5adf0aec6b4b5361559ec435
191,https://media2.giphy.com/media/gx2Ui2hu4Ori8/giphy-tumblr.gif?cid=e1bb72ff5adf0aec6b4b5361559ec435
192,https://media3.giphy.com/media/TJ68bgiVI82JO/giphy-downsized.gif?cid=e1bb72ff5adf0aec6b4b5361559ec435
193,https://media3.giphy.com/media/148tgMI6HQ27LO/giphy-downsized.gif?cid=e1bb72ff5adf0aec6b4b5361559ec435
194,https://media2.giphy.com/media/l49JThpgIOD24fGxi/giphy.gif?cid=e1bb72ff5adf0aec6b4b5361559ec435
195,https://media3.giphy.com/media/zNeY0bnv5cn9C/giphy-downsized.gif?cid=e1bb72ff5adf0aec6b4b5361559ec435
196,https://media1.giphy.com/media/mUJKLVV6SrcOI/giphy-tumblr.gif?cid=e1bb72ff5adf0aec6b4b5361559ec435
197,https://media3.giphy.com/media/cECEiG5gIEwEg/giphy-downsized.gif?cid=e1bb72ff5adf0aec6b4b5361559ec435
198,https://media0.giphy.com/media/saOBjkasXxpRu/giphy.gif?cid=e1bb72ff5adf0aec6b4b5361559ec435
199,https://media2.giphy.com/media/as5KKEVkyZ8c0/giphy-downsized.gif?cid=e1bb72ff5adf0aec6b4b5361559ec435
200,https://media0.giphy.com/media/10UnQKpvjttkAM/giphy-downsized.gif?cid=e1bb72ff5adf0aec6b4b5361559ec435
201,https://media1.giphy.com/media/AOfJzBDsN9xVC/giphy-downsized.gif?cid=e1bb72ff5adf0aec6b4b5361559ec435
202,https://media1.giphy.com/media/50xBFs9kxvzLW/giphy-tumblr.gif?cid=e1bb72ff5adf0aec6b4b5361559ec435
203,https://media0.giphy.com/media/lFGL1mTY9vyYo/giphy-downsized.gif?cid=e1bb72ff5adf0aec6b4b5361559ec435
204,https://media0.giphy.com/media/H3LEwuWmVy1Ms/giphy-tumblr.gif?cid=e1bb72ff5adf0aec6b4b5361559ec435
205,https://media0.giphy.com/media/cFf3HoF72uXao/giphy-downsized.gif?cid=e1bb72ff5adf0aec6b4b5361559ec435
206,https://media0.giphy.com/media/oJ8JfFCz1vkVG/giphy.gif?cid=e1bb72ff5adf0aec6b4b5361559ec435
207,https://media3.giphy.com/media/G65CjNHhDSDPG/giphy-tumblr.gif?cid=e1bb72ff5adf0aec6b4b5361559ec435
208,https://media1.giphy.com/media/KyUydx1xGhYT6/giphy-downsized.gif?cid=e1bb72ff5adf0aec6b4b5361559ec435
209,https://media0.giphy.com/media/xT1XGQ9TuiWq3Gb7z2/giphy-downsized.gif?cid=e1bb72ff5adf0aec6b4b5361559ec435
210,https://media1.giphy.com/media/NGfA1idYxCU24/giphy-downsized.gif?cid=e1bb72ff5adf0aec6b4b5361559ec435
211,https://media2.giphy.com/media/KUUXPIF439swE/giphy-downsized.gif?cid=e1bb72ff5adf0aec6b4b5361559ec435
212,https://media2.giphy.com/media/FCiBq3pRmd5bG/giphy-downsized.gif?cid=e1bb72ff5adf0aec6b4b5361559ec435
213,https://media0.giphy.com/media/uvdv57Rt4aIOA/giphy.gif?cid=e1bb72ff5adf0aec6b4b5361559ec435
214,https://media2.giphy.com/media/Ki83sBj21sypW/giphy-downsized.gif?cid=e1bb72ff5adf0aec6b4b5361559ec435
215,https://media2.giphy.com/media/b2SP9QlVyq1r2/giphy-downsized.gif?cid=e1bb72ff5adf0aec6b4b5361559ec435
216,https://media2.giphy.com/media/gx2Ui2hu4Ori8/giphy-tumblr.gif?cid=e1bb72ff5adf0aec6b4b5361559ec435
217,https://media3.giphy.com/media/TJ68bgiVI82JO/giphy-downsized.gif?cid=e1bb72ff5adf0aec6b4b5361559ec435
218,https://media3.giphy.com/media/148tgMI6HQ27LO/giphy-downsized.gif?cid=e1bb72ff5adf0aec6b4b5361559ec435
219,https://media2.giphy.com/media/l49JThpgIOD24fGxi/giphy.gif?cid=e1bb72ff5adf0aec6b4b5361559ec435
220,https://media3.giphy.com/media/zNeY0bnv5cn9C/giphy-downsized.gif?cid=e1bb72ff5adf0aec6b4b5361559ec435
221,https://media1.giphy.com/media/mUJKLVV6SrcOI/giphy-tumblr.gif?cid=e1bb72ff5adf0aec6b4b5361559ec435
222,https://media3.giphy.com/media/cECEiG5gIEwEg/giphy-downsized.gif?cid=e1bb72ff5adf0aec6b4b5361559ec435
223,https://media0.giphy.com/media/saOBjkasXxpRu/giphy.gif?cid=e1bb72ff5adf0aec6b4b5361559ec435
224,https://media2.giphy.com/media/as5KKEVkyZ8c0/giphy-downsized.gif?cid=e1bb72ff5adf0aec6b4b5361559ec435
225,https://media0.giphy.com/media/10UnQKpvjttkAM/giphy-downsized.gif?cid=e1bb72ff5adf0aec6b4b5361559ec435
226,https://media1.giphy.com/media/AOfJzBDsN9xVC/giphy-downsized.gif?cid=e1bb72ff5adf0aec6b4b5361559ec435
227,https://media1.giphy.com/media/50xBFs9kxvzLW/giphy-tumblr.gif?cid=e1bb72ff5adf0aec6b4b5361559ec435
228,https://media0.giphy.com/media/lFGL1mTY9vyYo/giphy-downsized.gif?cid=e1bb72ff5adf0aec6b4b5361559ec435
229,https://media0.giphy.com/media/H3LEwuWmVy1Ms/giphy-tumblr.gif?cid=e1bb72ff5adf0aec6b4b5361559ec435
230,https://media0.giphy.com/media/cFf3HoF72uXao/giphy-downsized.gif?cid=e1bb72ff5adf0aec6b4b5361559ec435
231,https://media0.giphy.com/media/oJ8JfFCz1vkVG/giphy.gif?cid=e1bb72ff5adf0aec6b4b5361559ec435
232,https://media3.giphy.com/media/G65CjNHhDSDPG/giphy-tumblr.gif?cid=e1bb72ff5adf0aec6b4b5361559ec435
233,https://media1.giphy.com/media/KyUydx1xGhYT6/giphy-downsized.gif?cid=e1bb72ff5adf0aec6b4b5361559ec435
234,https://media0.giphy.com/media/xT1XGQ9TuiWq3Gb7z2/giphy-downsized.gif?cid=e1bb72ff5adf0aec6b4b5361559ec435
235,https://media1.giphy.com/media/NGfA1idYxCU24/giphy-downsized.gif?cid=e1bb72ff5adf0aec6b4b5361559ec435
236,https://media2.giphy.com/media/KUUXPIF439swE/giphy-downsized.gif?cid=e1bb72ff5adf0aec6b4b5361559ec435
237,https://media2.giphy.com/media/FCiBq3pRmd5bG/giphy-downsized.gif?cid=e1bb72ff5adf0aec6b4b5361559ec435
238,https://media0.giphy.com/media/uvdv57Rt4aIOA/giphy.gif?cid=e1bb72ff5adf0aec6b4b5361559ec435
239,https://media2.giphy.com/media/Ki83sBj21sypW/giphy-downsized.gif?cid=e1bb72ff5adf0aec6b4b5361559ec435
240,https://media2.giphy.com/media/b2SP9QlVyq1r2/giphy-downsized.gif?cid=e1bb72ff5adf0aec6b4b5361559ec435
241,https://media2.giphy.com/media/gx2Ui2hu4Ori8/giphy-tumblr.gif?cid=e1bb72ff5adf0aec6b4b5361559ec435
242,https://media3.giphy.com/media/TJ68bgiVI82JO/giphy-downsized.gif?cid=e1bb72ff5adf0aec6b4b5361559ec435
243,https://media3.giphy.com/media/148tgMI6HQ27LO/giphy-downsized.gif?cid=e1bb72ff5adf0aec6b4b5361559ec435
244,https://media2.giphy.com/media/l49JThpgIOD24fGxi/giphy.gif?cid=e1bb72ff5adf0aec6b4b5361559ec435
245,https://media3.giphy.com/media/zNeY0bnv5cn9C/giphy-downsized.gif?cid=e1bb72ff5adf0aec6b4b5361559ec435
246,https://media1.giphy.com/media/mUJKLVV6SrcOI/giphy-tumblr.gif?cid=e1bb72ff5adf0aec6b4b5361559ec435
247,https://media3.giphy.com/media/cECEiG5gIEwEg/giphy-downsized.gif?cid=e1bb72ff5adf0aec6b4b5361559ec435
248,https://media0.giphy.com/media/saOBjkasXxpRu/giphy.gif?cid=e1bb72ff5adf0aec6b4b5361559ec435
249,https://media2.giphy.com/media/as5KKEVkyZ8c0/giphy-downsized.gif?cid=e1bb72ff5adf0aec6b4b5361559ec435
250,https://media0.giphy.com/media/10UnQKpvjttkAM/giphy-downsized.gif?cid=e1bb72ff5adf0aec6b4b5361559ec435
251,https://media1.giphy.com/media/AOfJzBDsN9xVC/giphy-downsized.gif?cid=e1bb72ff5adf0aec6b4b5361559ec435
252,https://media1.giphy.com/media/50xBFs9kxvzLW/giphy-tumblr.gif?cid=e1bb72ff5adf0aec6b4b5361559ec435
253,https://media0.giphy.com/media/lFGL1mTY9vyYo/giphy-downsized.gif?cid=e1bb72ff5adf0aec6b4b5361559ec435
254,https://media0.giphy.com/media/H3LEwuWmVy1Ms/giphy-tumblr.gif?cid=e1bb72ff5adf0aec6b4b5361559ec435
255,https://media0.giphy.com/media/cFf3HoF72uXao/giphy-downsized.gif?cid=e1bb72ff5adf0aec6b4b5361559ec435
256,https://media0.giphy.com/media/oJ8JfFCz1vkVG/giphy.gif?cid=e1bb72ff5adf0aec6b4b5361559ec435
257,https://media3.giphy.com/media/G65CjNHhDSDPG/giphy-tumblr.gif?cid=e1bb72ff5adf0aec6b4b5361559ec435
258,https://media1.giphy.com/media/KyUydx1xGhYT6/giphy-downsized.gif?cid=e1bb72ff5adf0aec6b4b5361559ec435
259,https://media0.giphy.com/media/xT1XGQ9TuiWq3Gb7z2/giphy-downsized.gif?cid=e1bb72ff5adf0aec6b4b5361559ec435
260,https://media1.giphy.com/media/NGfA1idYxCU24/giphy-downsized.gif?cid=e1bb72ff5adf0aec6b4b5361559ec435
261,https://media2.giphy.com/media/KUUXPIF439swE/giphy-downsized.gif?cid=e1bb72ff5adf0aec6b4b5361559ec435
262,https://media2.giphy.com/media/FCiBq3pRmd5bG/giphy-downsized.gif?cid=e1bb72ff5adf0aec6b4b5361559ec435
263,https://media0.giphy.com/media/uvdv57Rt4aIOA/giphy.gif?cid=e1bb72ff5adf0aec6b4b5361559ec435
264,https://media2.giphy.com/media/Ki83sBj21sypW/giphy-downsized.gif?cid=e1bb72ff5adf0aec6b4b5361559ec435
265,https://media2.giphy.com/media/b2SP9QlVyq1r2/giphy-downsized.gif?cid=e1bb72ff5adf0aec6b4b5361559ec435
266,https://media2.giphy.com/media/gx2Ui2hu4Ori8/giphy-tumblr.gif?cid=e1bb72ff5adf0aec6b4b5361559ec435
267,https://media3.giphy.com/media/TJ68bgiVI82JO/giphy-downsized.gif?cid=e1bb72ff5adf0aec6b4b5361559ec435
268,https://media3.giphy.com/media/148tgMI6HQ27LO/giphy-downsized.gif?cid=e1bb72ff5adf0aec6b4b5361559ec435
269,https://media2.giphy.com/media/l49JThpgIOD24fGxi/giphy.gif?cid=e1bb72ff5adf0aec6b4b5361559ec435
270,https://media3.giphy.com/media/zNeY0bnv5cn9C/giphy-downsized.gif?cid=e1bb72ff5adf0aec6b4b5361559ec435
271,https://media1.giphy.com/media/mUJKLVV6SrcOI/giphy-tumblr.gif?cid=e1bb72ff5adf0aec6b4b5361559ec435
272,https://media3.giphy.com/media/cECEiG5gIEwEg/giphy-downsized.gif?cid=e1bb72ff5adf0aec6b4b5361559ec435
273,https://media0.giphy.com/media/saOBjkasXxpRu/giphy.gif?cid=e1bb72ff5adf0aec6b4b5361559ec435
274,https://media2.giphy.com/media/as5KKEVkyZ8c0/giphy-downsized.gif?cid=e1bb72ff5adf0aec6b4b5361559ec435
275,https://media0.giphy.com/media/10UnQKpvjttkAM/giphy-downsized.gif?cid=e1bb72ff5adf0aec6b4b5361559ec435
276,https://media1.giphy.com/media/AOfJzBDsN9xVC/giphy-downsized.gif?cid=e1bb72ff5adf0aec6b4b5361559ec435
277,https://media1.giphy.com/media/50xBFs9kxvzLW/giphy-tumblr.gif?cid=e1bb72ff5adf0aec6b4b5361559ec435
278,https://media0.giphy.com/media/lFGL1mTY9vyYo/giphy-downsized.gif?cid=e1bb72ff5adf0aec6b4b5361559ec435
279,https://media0.giphy.com/media/H3LEwuWmVy1Ms/giphy-tumblr.gif?cid=e1bb72ff5adf0aec6b4b5361559ec435
280,https://media0.giphy.com/media/cFf3HoF72uXao/giphy-downsized.gif?cid=e1bb72ff5adf0aec6b4b5361559ec435
281,https://media0.giphy.com/media/oJ8JfFCz1vkVG/giphy.gif?cid=e1bb72ff5adf0aec6b4b5361559ec435
282,https://media3.giphy.com/media/G65CjNHhDSDPG/giphy-tumblr.gif?cid=e1bb72ff5adf0aec6b4b5361559ec435
283,https://media1.giphy.com/media/KyUydx1xGhYT6/giphy-downsized.gif?cid=e1bb72ff5adf0aec6b4b5361559ec435
284,https://media0.giphy.com/media/xT1XGQ9TuiWq3Gb7z2/giphy-downsized.gif?cid=e1bb72ff5adf0aec6b4b5361559ec435
285,https://media1.giphy.com/media/NGfA1idYxCU24/giphy-downsized.gif?cid=e1bb72ff5adf0aec6b4b5361559ec435
286,https://media2.giphy.com/media/KUUXPIF439swE/giphy-downsized.gif?cid=e1bb72ff5adf0aec6b4b5361559ec435
287,https://media2.giphy.com/media/FCiBq3pRmd5bG/giphy-downsized.gif?cid=e1bb72ff5adf0aec6b4b5361559ec435
288,https://media0.giphy.com/media/uvdv57Rt4aIOA/giphy.gif?cid=e1bb72ff5adf0aec6b4b5361559ec435
289,https://media2.giphy.com/media/Ki83sBj21sypW/giphy-downsized.gif?cid=e1bb72ff5adf0aec6b4b5361559ec435
290,https://media2.giphy.com/media/b2SP9QlVyq1r2/giphy-downsized.gif?cid=e1bb72ff5adf0aec6b4b5361559ec435
291,https://media2.giphy.com/media/gx2Ui2hu4Ori8/giphy-tumblr.gif?cid=e1bb72ff5adf0aec6b4b5361559ec435
292,https://media3.giphy.com/media/TJ68bgiVI82JO/giphy-downsized.gif?cid=e1bb72ff5adf0aec6b4b5361559ec435
293,https://media3.giphy.com/media/148tgMI6HQ27LO/giphy-downsized.gif?cid=e1bb72ff5adf0aec6b4b5361559ec435
294,https://media2.giphy.com/media/l49JThpgIOD24fGxi/giphy.gif?cid=e1bb72ff5adf0aec6b4b5361559ec435
295,https://media3.giphy.com/media/zNeY0bnv5cn9C/giphy-downsized.gif?cid=e1bb72ff5adf0aec6b4b5361559ec435
296,https://media1.giphy.com/media/mUJKLVV6SrcOI/giphy-tumblr.gif?cid=e1bb72ff5adf0aec6b4b5361559ec435
297,https://media3.giphy.com/media/cECEiG5gIEwEg/giphy-downsized.gif?cid=e1bb72ff5adf0aec6b4b5361559ec435
298,https://media0.giphy.com/media/saOBjkasXxpRu/giphy.gif?cid=e1bb72ff5adf0aec6b4b5361559ec435
299,https://media2.giphy.com/media/as5KKEVkyZ8c0/giphy-downsized.gif?cid=e1bb72ff5adf0aec6b4b5361559ec435
300,https://media0.giphy.com/media/10UnQKpvjttkAM/giphy-downsized.gif?cid=e1bb72ff5adf0aec6b4b5361559ec435
301,https://media1.giphy.com/media/AOfJzBDsN9xVC/giphy-downsized.gif?cid=e1bb72ff5adf0aec6b4b5361559ec435
302,https://media1.giphy.com/media/50xBFs9kxvzLW/giphy-tumblr.gif?cid=e1bb72ff5adf0aec6b4b5361559ec435
303,https://media0.giphy.com/media/lFGL1mTY9vyYo/giphy-downsized.gif?cid=e1bb72ff5adf0aec6b4b5361559ec435
304,https://media0.giphy.com/media/H3LEwuWmVy1Ms/giphy-tumblr.gif?cid=e1bb72ff5adf0aec6b4b5361559ec435
305,https://media0.giphy.com/media/cFf3HoF72uXao/giphy-downsized.gif?cid=e1bb72ff5adf0aec6b4b5361559ec435
306,https://media0.giphy.com/media/oJ8JfFCz1vkVG/giphy.gif?cid=e1bb72ff5adf0aec6b4b5361559ec435
307,https://media3.giphy.com/media/G65CjNHhDSDPG/giphy-tumblr.gif?cid=e1bb72ff5adf0aec6b4b5361559ec435
308,https://media1.giphy.com/media/KyUydx1xGhYT6/giphy-downsized.gif?cid=e1bb72ff5adf0aec6b4b5361559ec435
309,https://media0.giphy.com/media/xT1XGQ9TuiWq3Gb7z2/giphy-downsized.gif?cid=e1bb72ff5adf0aec6b4b5361559ec435
310,https://media1.giphy.com/media/NGfA1idYxCU24/giphy-downsized.gif?cid=e1bb72ff5adf0aec6b4b5361559ec435
311,https://media2.giphy.com/media/KUUXPIF439swE/giphy-downsized.gif?cid=e1bb72ff5adf0aec6b4b5361559ec435
312,https://media2.giphy.com/media/FCiBq3pRmd5bG/giphy-downsized.gif?cid=e1bb72ff5adf0aec6b4b5361559ec435
313,https://media0.giphy.com/media/uvdv57Rt4aIOA/giphy.gif?cid=e1bb72ff5adf0aec6b4b5361559ec435
314,https://media2.giphy.com/media/Ki83sBj21sypW/giphy-downsized.gif?cid=e1bb72ff5adf0aec6b4b5361559ec435
315,https://media2.giphy.com/media/b2SP9QlVyq1r2/giphy-downsized.gif?cid=e1bb72ff5adf0aec6b4b5361559ec435
316,https://media2.giphy.com/media/gx2Ui2hu4Ori8/giphy-tumblr.gif?cid=e1bb72ff5adf0aec6b4b5361559ec435
317,https://media3.giphy.com/media/TJ68bgiVI82JO/giphy-downsized.gif?cid=e1bb72ff5adf0aec6b4b5361559ec435
318,https://media3.giphy.com/media/148tgMI6HQ27LO/giphy-downsized.gif?cid=e1bb72ff5adf0aec6b4b5361559ec435
319,https://media2.giphy.com/media/l49JThpgIOD24fGxi/giphy.gif?cid=e1bb72ff5adf0aec6b4b5361559ec435
320,https://media3.giphy.com/media/zNeY0bnv5cn9C/giphy-downsized.gif?cid=e1bb72ff5adf0aec6b4b5361559ec435
321,https://media1.giphy.com/media/mUJKLVV6SrcOI/giphy-tumblr.gif?cid=e1bb72ff5adf0aec6b4b5361559ec435
322,https://media3.giphy.com/media/cECEiG5gIEwEg/giphy-downsized.gif?cid=e1bb72ff5adf0aec6b4b5361559ec435
323,https://media0.giphy.com/media/saOBjkasXxpRu/giphy.gif?cid=e1bb72ff5adf0aec6b4b5361559ec435
324,https://media2.giphy.com/media/as5KKEVkyZ8c0/giphy-downsized.gif?cid=e1bb72ff5adf0aec6b4b5361559ec435
325,https://media0.giphy.com/media/10UnQKpvjttkAM/giphy-downsized.gif?cid=e1bb72ff5adf0aec6b4b5361559ec435
326,https://media1.giphy.com/media/AOfJzBDsN9xVC/giphy-downsized.gif?cid=e1bb72ff5adf0aec6b4b5361559ec435
327,https://media1.giphy.com/media/50xBFs9kxvzLW/giphy-tumblr.gif?cid=e1bb72ff5adf0aec6b4b5361559ec435
328,https://media0.giphy.com/media/lFGL1mTY9vyYo/giphy-downsized.gif?cid=e1bb72ff5adf0aec6b4b5361559ec435
329,https://media0.giphy.com/media/H3LEwuWmVy1Ms/giphy-tumblr.gif?cid=e1bb72ff5adf0aec6b4b5361559ec435
330,https://media0.giphy.com/media/cFf3HoF72uXao/giphy-downsized.gif?cid=e1bb72ff5adf0aec6b4b5361559ec435
331,https://media0.giphy.com/media/oJ8JfFCz1vkVG/giphy.gif?cid=e1bb72ff5adf0aec6b4b5361559ec435
332,https://media3.giphy.com/media/G65CjNHhDSDPG/giphy-tumblr.gif?cid=e1bb72ff5adf0aec6b4b5361559ec435
333,https://media1.giphy.com/media/KyUydx1xGhYT6/giphy-downsized.gif?cid=e1bb72ff5adf0aec6b4b5361559ec435
334,https://media0.giphy.com/media/xT1XGQ9TuiWq3Gb7z2/giphy-downsized.gif?cid=e1bb72ff5adf0aec6b4b5361559ec435
335,https://media1.giphy.com/media/NGfA1idYxCU24/giphy-downsized.gif?cid=e1bb72ff5adf0aec6b4b5361559ec435
336,https://media2.giphy.com/media/KUUXPIF439swE/giphy-downsized.gif?cid=e1bb72ff5adf0aec6b4b5361559ec435
337,https://media2.giphy.com/media/FCiBq3pRmd5bG/giphy-downsized.gif?cid=e1bb72ff5adf0aec6b4b5361559ec435
338,https://media0.giphy.com/media/uvdv57Rt4aIOA/giphy.gif?cid=e1bb72ff5adf0aec6b4b5361559ec435
339,https://media2.giphy.com/media/Ki83sBj21sypW/giphy-downsized.gif?cid=e1bb72ff5adf0aec6b4b5361559ec435
340,https://media2.giphy.com/media/b2SP9QlVyq1r2/giphy-downsized.gif?cid=e1bb72ff5adf0aec6b4b5361559ec435
341,https://media2.giphy.com/media/gx2Ui2hu4Ori8/giphy-tumblr.gif?cid=e1bb72ff5adf0aec6b4b5361559ec435
342,https://media3.giphy.com/media/TJ68bgiVI82JO/giphy-downsized.gif?cid=e1bb72ff5adf0aec6b4b5361559ec435
343,https://media3.giphy.com/media/148tgMI6HQ27LO/giphy-downsized.gif?cid=e1bb72ff5adf0aec6b4b5361559ec435
344,https://media2.giphy.com/media/l49JThpgIOD24fGxi/giphy.gif?cid=e1bb72ff5adf0aec6b4b5361559ec435
345,https://media3.giphy.com/media/zNeY0bnv5cn9C/giphy-downsized.gif?cid=e1bb72ff5adf0aec6b4b5361559ec435
346,https://media1.giphy.com/media/mUJKLVV6SrcOI/giphy-tumblr.gif?cid=e1bb72ff5adf0aec6b4b5361559ec435
347,https://media3.giphy.com/media/cECEiG5gIEwEg/giphy-downsized.gif?cid=e1bb72ff5adf0aec6b4b5361559ec435
348,https://media0.giphy.com/media/saOBjkasXxpRu/giphy.gif?cid=e1bb72ff5adf0aec6b4b5361559ec435
349,https://media2.giphy.com/media/as5KKEVkyZ8c0/giphy-downsized.gif?cid=e1bb72ff5adf0aec6b4b5361559ec435
350,https://media0.giphy.com/media/10UnQKpvjttkAM/giphy-downsized.gif?cid=e1bb72ff5adf0aec6b4b5361559ec435
351,https://media1.giphy.com/media/AOfJzBDsN9xVC/giphy-downsized.gif?cid=e1bb72ff5adf0aec6b4b5361559ec435
352,https://media1.giphy.com/media/50xBFs9kxvzLW/giphy-tumblr.gif?cid=e1bb72ff5adf0aec6b4b5361559ec435
353,https://media0.giphy.com/media/lFGL1mTY9vyYo/giphy-downsized.gif?cid=e1bb72ff5adf0aec6b4b5361559ec435
354,https://media0.giphy.com/media/H3LEwuWmVy1Ms/giphy-tumblr.gif?cid=e1bb72ff5adf0aec6b4b5361559ec435
355,https://media0.giphy.com/media/cFf3HoF72uXao/giphy-downsized.gif?cid=e1bb72ff5adf0aec6b4b5361559ec435
356,https://media0.giphy.com/media/oJ8JfFCz1vkVG/giphy.gif?cid=e1bb72ff5adf0aec6b4b5361559ec435
357,https://media3.giphy.com/media/G65CjNHhDSDPG/giphy-tumblr.gif?cid=e1bb72ff5adf0aec6b4b5361559ec435
358,https://media1.giphy.com/media/KyUydx1xGhYT6/giphy-downsized.gif?cid=e1bb72ff5adf0aec6b4b5361559ec435
359,https://media0.giphy.com/media/xT1XGQ9TuiWq3Gb7z2/giphy-downsized.gif?cid=e1bb72ff5adf0aec6b4b5361559ec435
360,https://media1.giphy.com/media/NGfA1idYxCU24/giphy-downsized.gif?cid=e1bb72ff5adf0aec6b4b5361559ec435
361,https://media2.giphy.com/media/KUUXPIF439swE/giphy-downsized.gif?cid=e1bb72ff5adf0aec6b4b5361559ec435
362,https://media2.giphy.com/media/FCiBq3pRmd5bG/giphy-downsized.gif?cid=e1bb72ff5adf0aec6b4b5361559ec435
363,https://media0.giphy.com/media/uvdv57Rt4aIOA/giphy.gif?cid=e1bb72ff5adf0aec6b4b5361559ec435
364,https://media2.giphy.com/media/Ki83sBj21sypW/giphy-downsized.gif?cid=e1bb72ff5adf0aec6b4b5361559ec435
365,https://media2.giphy.com/media/b2SP9QlVyq1r2/giphy-downsized.gif?cid=e1bb72ff5adf0aec6b4b5361559ec435
366,https://media2.giphy.com/media/gx2Ui2hu4Ori8/giphy-tumblr.gif?cid=e1bb72ff5adf0aec6b4b5361559ec435
367,https://media3.giphy.com/media/TJ68bgiVI82JO/giphy-downsized.gif?cid=e1bb72ff5adf0aec6b4b5361559ec435
368,https://media3.giphy.com/media/148tgMI6HQ27LO/giphy-downsized.gif?cid=e1bb72ff5adf0aec6b4b5361559ec435
369,https://media2.giphy.com/media/l49JThpgIOD24fGxi/giphy.gif?cid=e1bb72ff5adf0aec6b4b5361559ec435
370,https://media3.giphy.com/media/zNeY0bnv5cn9C/giphy-downsized.gif?cid=e1bb72ff5adf0aec6b4b5361559ec435
371,https://media1.giphy.com/media/mUJKLVV6SrcOI/giphy-tumblr.gif?cid=e1bb72ff5adf0aec6b4b5361559ec435
372,https://media3.giphy.com/media/cECEiG5gIEwEg/giphy-downsized.gif?cid=e1bb72ff5adf0aec6b4b5361559ec435
373,https://media0.giphy.com/media/saOBjkasXxpRu/giphy.gif?cid=e1bb72ff5adf0aec6b4b5361559ec435
374,https://media2.giphy.com/media/as5KKEVkyZ8c0/giphy-downsized.gif?cid=e1bb72ff5adf0aec6b4b5361559ec435
375,https://media0.giphy.com/media/10UnQKpvjttkAM/giphy-downsized.gif?cid=e1bb72ff5adf0aec6b4b5361559ec435
376,https://media1.giphy.com/media/AOfJzBDsN9xVC/giphy-downsized.gif?cid=e1bb72ff5adf0aec6b4b5361559ec435
377,https://media1.giphy.com/media/50xBFs9kxvzLW/giphy-tumblr.gif?cid=e1bb72ff5adf0aec6b4b5361559ec435
378,https://media0.giphy.com/media/lFGL1mTY9vyYo/giphy-downsized.gif?cid=e1bb72ff5adf0aec6b4b5361559ec435
379,https://media0.giphy.com/media/H3LEwuWmVy1Ms/giphy-tumblr.gif?cid=e1bb72ff5adf0aec6b4b5361559ec435
380,https://media0.giphy.com/media/cFf3HoF72uXao/giphy-downsized.gif?cid=e1bb72ff5adf0aec6b4b5361559ec435
381,https://media0.giphy.com/media/oJ8JfFCz1vkVG/giphy.gif?cid=e1bb72ff5adf0aec6b4b5361559ec435
382,https://media3.giphy.com/media/G65CjNHhDSDPG/giphy-tumblr.gif?cid=e1bb72ff5adf0aec6b4b5361559ec435
383,https://media1.giphy.com/media/KyUydx1xGhYT6/giphy-downsized.gif?cid=e1bb72ff5adf0aec6b4b5361559ec435
384,https://media0.giphy.com/media/xT1XGQ9TuiWq3Gb7z2/giphy-downsized.gif?cid=e1bb72ff5adf0aec6b4b5361559ec435
385,https://media1.giphy.com/media/NGfA1idYxCU24/giphy-downsized.gif?cid=e1bb72ff5adf0aec6b4b5361559ec435
386,https://media2.giphy.com/media/KUUXPIF439swE/giphy-downsized.gif?cid=e1bb72ff5adf0aec6b4b5361559ec435
387,https://media2.giphy.com/media/FCiBq3pRmd5bG/giphy-downsized.gif?cid=e1bb72ff5adf0aec6b4b5361559ec435
388,https://media0.giphy.com/media/uvdv57Rt4aIOA/giphy.gif?cid=e1bb72ff5adf0aec6b4b5361559ec435
389,https://media2.giphy.com/media/Ki83sBj21sypW/giphy-downsized.gif?cid=e1bb72ff5adf0aec6b4b5361559ec435
390,https://media2.giphy.com/media/b2SP9QlVyq1r2/giphy-downsized.gif?cid=e1bb72ff5adf0aec6b4b5361559ec435
391,https://media2.giphy.com/media/gx2Ui2hu4Ori8/giphy-tumblr.gif?cid=e1bb72ff5adf0aec6b4b5361559ec435
392,https://media3.giphy.com/media/TJ68bgiVI82JO/giphy-downsized.gif?cid=e1bb72ff5adf0aec6b4b5361559ec435
393,https://media3.giphy.com/media/148tgMI6HQ27LO/giphy-downsized.gif?cid=e1bb72ff5adf0aec6b4b5361559ec435
394,https://media2.giphy.com/media/l49JThpgIOD24fGxi/giphy.gif?cid=e1bb72ff5adf0aec6b4b5361559ec435
395,https://media3.giphy.com/media/zNeY0bnv5cn9C/giphy-downsized.gif?cid=e1bb72ff5adf0aec6b4b5361559ec435
396,https://media1.giphy.com/media/mUJKLVV6SrcOI/giphy-tumblr.gif?cid=e1bb72ff5adf0aec6b4b5361559ec435
397,https://media3.giphy.com/media/cECEiG5gIEwEg/giphy-downsized.gif?cid=e1bb72ff5adf0aec6b4b5361559ec435
398,https://media0.giphy.com/media/saOBjkasXxpRu/giphy.gif?cid=e1bb72ff5adf0aec6b4b5361559ec435
399,https://media2.giphy.com/media/as5KKEVkyZ8c0/giphy-downsized.gif?cid=e1bb72ff5adf0aec6b4b5361559ec435
400,https://media0.giphy.com/media/10UnQKpvjttkAM/giphy-downsized.gif?cid=e1bb72ff5adf0aec6b4b5361559ec435
401,https://media1.giphy.com/media/AOfJzBDsN9xVC/giphy-downsized.gif?cid=e1bb72ff5adf0aec6b4b5361559ec435
402,https://media1.giphy.com/media/50xBFs9kxvzLW/giphy-tumblr.gif?cid=e1bb72ff5adf0aec6b4b5361559ec435
403,https://media0.giphy.com/media/lFGL1mTY9vyYo/giphy-downsized.gif?cid=e1bb72ff5adf0aec6b4b5361559ec435
404,https://media0.giphy.com/media/H3LEwuWmVy1Ms/giphy-tumblr.gif?cid=e1bb72ff5adf0aec6b4b5361559ec435
405,https://media0.giphy.com/media/cFf3HoF72uXao/giphy-downsized.gif?cid=e1bb72ff5adf0aec6b4b5361559ec435
406,https://media0.giphy.com/media/oJ8JfFCz1vkVG/giphy.gif?cid=e1bb72ff5adf0aec6b4b5361559ec435
407,https://media3.giphy.com/media/G65CjNHhDSDPG/giphy-tumblr.gif?cid=e1bb72ff5adf0aec6b4b5361559ec435
408,https://media1.giphy.com/media/KyUydx1xGhYT6/giphy-downsized.gif?cid=e1bb72ff5adf0aec6b4b5361559ec435
409,https://media0.giphy.com/media/xT1XGQ9TuiWq3Gb7z2/giphy-downsized.gif?cid=e1bb72ff5adf0aec6b4b5361559ec435
410,https://media1.giphy.com/media/NGfA1idYxCU24/giphy-downsized.gif?cid=e1bb72ff5adf0aec6b4b5361559ec435
411,https://media2.giphy.com/media/KUUXPIF439swE/giphy-downsized.gif?cid=e1bb72ff5adf0aec6b4b5361559ec435
412,https://media2.giphy.com/media/FCiBq3pRmd5bG/giphy-downsized.gif?cid=e1bb72ff5adf0aec6b4b5361559ec435
413,https://media0.giphy.com/media/uvdv57Rt4aIOA/giphy.gif?cid=e1bb72ff5adf0aec6b4b5361559ec435
414,https://media2.giphy.com/media/Ki83sBj21sypW/giphy-downsized.gif?cid=e1bb72ff5adf0aec6b4b5361559ec435
415,https://media2.giphy.com/media/b2SP9QlVyq1r2/giphy-downsized.gif?cid=e1bb72ff5adf0aec6b4b5361559ec435
416,https://media2.giphy.com/media/gx2Ui2hu4Ori8/giphy-tumblr.gif?cid=e1bb72ff5adf0aec6b4b5361559ec435
417,https://media3.giphy.com/media/TJ68bgiVI82JO/giphy-downsized.gif?cid=e1bb72ff5adf0aec6b4b5361559ec435
418,https://media3.giphy.com/media/148tgMI6HQ27LO/giphy-downsized.gif?cid=e1bb72ff5adf0aec6b4b5361559ec435
419,https://media2.giphy.com/media/l49JThpgIOD24fGxi/giphy.gif?cid=e1bb72ff5adf0aec6b4b5361559ec435
420,https://media3.giphy.com/media/zNeY0bnv5cn9C/giphy-downsized.gif?cid=e1bb72ff5adf0aec6b4b5361559ec435
421,https://media1.giphy.com/media/mUJKLVV6SrcOI/giphy-tumblr.gif?cid=e1bb72ff5adf0aec6b4b5361559ec435
422,https://media3.giphy.com/media/cECEiG5gIEwEg/giphy-downsized.gif?cid=e1bb72ff5adf0aec6b4b5361559ec435
423,https://media0.giphy.com/media/saOBjkasXxpRu/giphy.gif?cid=e1bb72ff5adf0aec6b4b5361559ec435
424,https://media2.giphy.com/media/as5KKEVkyZ8c0/giphy-downsized.gif?cid=e1bb72ff5adf0aec6b4b5361559ec435
425,https://media0.giphy.com/media/10UnQKpvjttkAM/giphy-downsized.gif?cid=e1bb72ff5adf0aec6b4b5361559ec435
426,https://media1.giphy.com/media/AOfJzBDsN9xVC/giphy-downsized.gif?cid=e1bb72ff5adf0aec6b4b5361559ec435
427,https://media1.giphy.com/media/50xBFs9kxvzLW/giphy-tumblr.gif?cid=e1bb72ff5adf0aec6b4b5361559ec435
428,https://media0.giphy.com/media/lFGL1mTY9vyYo/giphy-downsized.gif?cid=e1bb72ff5adf0aec6b4b5361559ec435
429,https://media0.giphy.com/media/H3LEwuWmVy1Ms/giphy-tumblr.gif?cid=e1bb72ff5adf0aec6b4b5361559ec435
430,https://media0.giphy.com/media/cFf3HoF72uXao/giphy-downsized.gif?cid=e1bb72ff5adf0aec6b4b5361559ec435
431,https://media0.giphy.com/media/oJ8JfFCz1vkVG/giphy.gif?cid=e1bb72ff5adf0aec6b4b5361559ec435
432,https://media3.giphy.com/media/G65CjNHhDSDPG/giphy-tumblr.gif?cid=e1bb72ff5adf0aec6b4b5361559ec435
433,https://media1.giphy.com/media/KyUydx1xGhYT6/giphy-downsized.gif?cid=e1bb72ff5adf0aec6b4b5361559ec435
434,https://media0.giphy.com/media/xT1XGQ9TuiWq3Gb7z2/giphy-downsized.gif?cid=e1bb72ff5adf0aec6b4b5361559ec435
435,https://media1.giphy.com/media/NGfA1idYxCU24/giphy-downsized.gif?cid=e1bb72ff5adf0aec6b4b5361559ec435
436,https://media2.giphy.com/media/KUUXPIF439swE/giphy-downsized.gif?cid=e1bb72ff5adf0aec6b4b5361559ec435
437,https://media2.giphy.com/media/FCiBq3pRmd5bG/giphy-downsized.gif?cid=e1bb72ff5adf0aec6b4b5361559ec435
438,https://media0.giphy.com/media/uvdv57Rt4aIOA/giphy.gif?cid=e1bb72ff5adf0aec6b4b5361559ec435
439,https://media2.giphy.com/media/Ki83sBj21sypW/giphy-downsized.gif?cid=e1bb72ff5adf0aec6b4b5361559ec435
440,https://media2.giphy.com/media/b2SP9QlVyq1r2/giphy-downsized.gif?cid=e1bb72ff5adf0aec6b4b5361559ec435
441,https://media2.giphy.com/media/gx2Ui2hu4Ori8/giphy-tumblr.gif?cid=e1bb72ff5adf0aec6b4b5361559ec435
442,https://media3.giphy.com/media/TJ68bgiVI82JO/giphy-downsized.gif?cid=e1bb72ff5adf0aec6b4b5361559ec435
443,https://media3.giphy.com/media/148tgMI6HQ27LO/giphy-downsized.gif?cid=e1bb72ff5adf0aec6b4b5361559ec435
444,https://media2.giphy.com/media/l49JThpgIOD24fGxi/giphy.gif?cid=e1bb72ff5adf0aec6b4b5361559ec435
445,https://media3.giphy.com/media/zNeY0bnv5cn9C/giphy-downsized.gif?cid=e1bb72ff5adf0aec6b4b5361559ec435
446,https://media1.giphy.com/media/mUJKLVV6SrcOI/giphy-tumblr.gif?cid=e1bb72ff5adf0aec6b4b5361559ec435
447,https://media3.giphy.com/media/cECEiG5gIEwEg/giphy-downsized.gif?cid=e1bb72ff5adf0aec6b4b5361559ec435
448,https://media0.giphy.com/media/saOBjkasXxpRu/giphy.gif?cid=e1bb72ff5adf0aec6b4b5361559ec435
449,https://media2.giphy.com/media/as5KKEVkyZ8c0/giphy-downsized.gif?cid=e1bb72ff5adf0aec6b4b5361559ec435
450,https://media0.giphy.com/media/10UnQKpvjttkAM/giphy-downsized.gif?cid=e1bb72ff5adf0aec6b4b5361559ec435
451,https://media1.giphy.com/media/AOfJzBDsN9xVC/giphy-downsized.gif?cid=e1bb72ff5adf0aec6b4b5361559ec435
452,https://media1.giphy.com/media/50xBFs9kxvzLW/giphy-tumblr.gif?cid=e1bb72ff5adf0aec6b4b5361559ec435
453,https://media0.giphy.com/media/lFGL1mTY9vyYo/giphy-downsized.gif?cid=e1bb72ff5adf0aec6b4b5361559ec435
454,https://media0.giphy.com/media/H3LEwuWmVy1Ms/giphy-tumblr.gif?cid=e1bb72ff5adf0aec6b4b5361559ec435
455,https://media0.giphy.com/media/cFf3HoF72uXao/giphy-downsized.gif?cid=e1bb72ff5adf0aec6b4b5361559ec435
456,https://media0.giphy.com/media/oJ8JfFCz1vkVG/giphy.gif?cid=e1bb72ff5adf0aec6b4b5361559ec435
457,https://media3.giphy.com/media/G65CjNHhDSDPG/giphy-tumblr.gif?cid=e1bb72ff5adf0aec6b4b5361559ec435
458,https://media1.giphy.com/media/KyUydx1xGhYT6/giphy-downsized.gif?cid=e1bb72ff5adf0aec6b4b5361559ec435
459,https://media0.giphy.com/media/xT1XGQ9TuiWq3Gb7z2/giphy-downsized.gif?cid=e1bb72ff5adf0aec6b4b5361559ec435
460,https://media1.giphy.com/media/NGfA1idYxCU24/giphy-downsized.gif?cid=e1bb72ff5adf0aec6b4b5361559ec435
461,https://media2.giphy.com/media/KUUXPIF439swE/giphy-downsized.gif?cid=e1bb72ff5adf0aec6b4b5361559ec435
462,https://media2.giphy.com/media/FCiBq3pRmd5bG/giphy-downsized.gif?cid=e1bb72ff5adf0aec6b4b5361559ec435
463,https://media0.giphy.com/media/uvdv57Rt4aIOA/giphy.gif?cid=e1bb72ff5adf0aec6b4b5361559ec435
464,https://media2.giphy.com/media/Ki83sBj21sypW/giphy-downsized.gif?cid=e1bb72ff5adf0aec6b4b5361559ec435
465,https://media2.giphy.com/media/b2SP9QlVyq1r2/giphy-downsized.gif?cid=e1bb72ff5adf0aec6b4b5361559ec435
466,https://media2.giphy.com/media/gx2Ui2hu4Ori8/giphy-tumblr.gif?cid=e1bb72ff5adf0aec6b4b5361559ec435
467,https://media3.giphy.com/media/TJ68bgiVI82JO/giphy-downsized.gif?cid=e1bb72ff5adf0aec6b4b5361559ec435
468,https://media3.giphy.com/media/148tgMI6HQ27LO/giphy-downsized.gif?cid=e1bb72ff5adf0aec6b4b5361559ec435
469,https://media2.giphy.com/media/l49JThpgIOD24fGxi/giphy.gif?cid=e1bb72ff5adf0aec6b4b5361559ec435
470,https://media3.giphy.com/media/zNeY0bnv5cn9C/giphy-downsized.gif?cid=e1bb72ff5adf0aec6b4b5361559ec435
471,https://media1.giphy.com/media/mUJKLVV6SrcOI/giphy-tumblr.gif?cid=e1bb72ff5adf0aec6b4b5361559ec435
472,https://media3.giphy.com/media/cECEiG5gIEwEg/giphy-downsized.gif?cid=e1bb72ff5adf0aec6b4b5361559ec435
473,https://media0.giphy.com/media/saOBjkasXxpRu/giphy.gif?cid=e1bb72ff5adf0aec6b4b5361559ec435
474,https://media2.giphy.com/media/as5KKEVkyZ8c0/giphy-downsized.gif?cid=e1bb72ff5adf0aec6b4b5361559ec435
475,https://media0.giphy.com/media/10UnQKpvjttkAM/giphy-downsized.gif?cid=e1bb72ff5adf0aec6b4b5361559ec435
476,https://media1.giphy.com/media/AOfJzBDsN9xVC/giphy-downsized.gif?cid=e1bb72ff5adf0aec6b4b5361559ec435
477,https://media1.giphy.com/media/50xBFs9kxvzLW/giphy-tumblr.gif?cid=e1bb72ff5adf0aec6b4b5361559ec435
478,https://media0.giphy.com/media/lFGL1mTY9vyYo/giphy-downsized.gif?cid=e1bb72ff5adf0aec6b4b5361559ec435
479,https://media0.giphy.com/media/H3LEwuWmVy1Ms/giphy-tumblr.gif?cid=e1bb72ff5adf0aec6b4b5361559ec435
480,https://media0.giphy.com/media/cFf3HoF72uXao/giphy-downsized.gif?cid=e1bb72ff5adf0aec6b4b5361559ec435
481,https://media0.giphy.com/media/oJ8JfFCz1vkVG/giphy.gif?cid=e1bb72ff5adf0aec6b4b5361559ec435
482,https://media3.giphy.com/media/G65CjNHhDSDPG/giphy-tumblr.gif?cid=e1bb72ff5adf0aec6b4b5361559ec435
483,https://media1.giphy.com/media/KyUydx1xGhYT6/giphy-downsized.gif?cid=e1bb72ff5adf0aec6b4b5361559ec435
484,https://media0.giphy.com/media/xT1XGQ9TuiWq3Gb7z2/giphy-downsized.gif?cid=e1bb72ff5adf0aec6b4b5361559ec435
485,https://media1.giphy.com/media/NGfA1idYxCU24/giphy-downsized.gif?cid=e1bb72ff5adf0aec6b4b5361559ec435
486,https://media2.giphy.com/media/KUUXPIF439swE/giphy-downsized.gif?cid=e1bb72ff5adf0aec6b4b5361559ec435
487,https://media2.giphy.com/media/FCiBq3pRmd5bG/giphy-downsized.gif?cid=e1bb72ff5adf0aec6b4b5361559ec435
488,https://media0.giphy.com/media/uvdv57Rt4aIOA/giphy.gif?cid=e1bb72ff5adf0aec6b4b5361559ec435
489,https://media2.giphy.com/media/Ki83sBj21sypW/giphy-downsized.gif?cid=e1bb72ff5adf0aec6b4b5361559ec435
490,https://media2.giphy.com/media/b2SP9QlVyq1r2/giphy-downsized.gif?cid=e1bb72ff5adf0aec6b4b5361559ec435
491,https://media2.giphy.com/media/gx2Ui2hu4Ori8/giphy-tumblr.gif?cid=e1bb72ff5adf0aec6b4b5361559ec435
492,https://media3.giphy.com/media/TJ68bgiVI82JO/giphy-downsized.gif?cid=e1bb72ff5adf0aec6b4b5361559ec435
493,https://media3.giphy.com/media/148tgMI6HQ27LO/giphy-downsized.gif?cid=e1bb72ff5adf0aec6b4b5361559ec435
494,https://media2.giphy.com/media/l49JThpgIOD24fGxi/giphy.gif?cid=e1bb72ff5adf0aec6b4b5361559ec435
495,https://media3.giphy.com/media/zNeY0bnv5cn9C/giphy-downsized.gif?cid=e1bb72ff5adf0aec6b4b5361559ec435
496,https://media1.giphy.com/media/mUJKLVV6SrcOI/giphy-tumblr.gif?cid=e1bb72ff5adf0aec6b4b5361559ec435
497,https://media3.giphy.com/media/cECEiG5gIEwEg/giphy-downsized.gif?cid=e1bb72ff5adf0aec6b4b5361559ec435
498,https://media0.giphy.com/media/saOBjkasXxpRu/giphy.gif?cid=e1bb72ff5adf0aec6b4b5361559ec435
499,https://media2.giphy.com/media/as5KKEVkyZ8c0/giphy-downsized.gif?cid=e1bb72ff5adf0aec6b4b5361559ec435
500,https://media0.giphy.com/media/10UnQKpvjttkAM/giphy-downsized.gif?cid=e1bb72ff5adf0aec6b4b5361559ec435
501,https://media1.giphy.com/media/AOfJzBDsN9xVC/giphy-downsized.gif?cid=e1bb72ff5adf0aec6b4b5361559ec435
502,https://media1.giphy.com/media/50xBFs9kxvzLW/giphy-tumblr.gif?cid=e1bb72ff5adf0aec6b4b5361559ec435
503,https://media0.giphy.com/media/lFGL1mTY9vyYo/giphy-downsized.gif?cid=e1bb72ff5adf0aec6b4b5361559ec435
504,https://media0.giphy.com/media/H3LEwuWmVy1Ms/giphy-tumblr.gif?cid=e1bb72ff5adf0aec6b4b5361559ec435
505,https://media0.giphy.com/media/cFf3HoF72uXao/giphy-downsized.gif?cid=e1bb72ff5adf0aec6b4b5361559ec435
506,https://media0.giphy.com/media/oJ8JfFCz1vkVG/giphy.gif?cid=e1bb72ff5adf0aec6b4b5361559ec435
507,https://media3.giphy.com/media/G65CjNHhDSDPG/giphy-tumblr.gif?cid=e1bb72ff5adf0aec6b4b5361559ec435
508,https://media1.giphy.com/media/KyUydx1xGhYT6/giphy-downsized.gif?cid=e1bb72ff5adf0aec6b4b5361559ec435
509,https://media0.giphy.com/media/xT1XGQ9TuiWq3Gb7z2/giphy-downsized.gif?cid=e1bb72ff5adf0aec6b4b5361559ec435
510,https://media1.giphy.com/media/NGfA1idYxCU24/giphy-downsized.gif?cid=e1bb72ff5adf0aec6b4b5361559ec435
511,https://media2.giphy.com/media/KUUXPIF439swE/giphy-downsized.gif?cid=e1bb72ff5adf0aec6b4b5361559ec435
512,https://media2.giphy.com/media/FCiBq3pRmd5bG/giphy-downsized.gif?cid=e1bb72ff5adf0aec6b4b5361559ec435
513,https://media0.giphy.com/media/uvdv57Rt4aIOA/giphy.gif?cid=e1bb72ff5adf0aec6b4b5361559ec435
514,https://media2.giphy.com/media/Ki83sBj21sypW/giphy-downsized.gif?cid=e1bb72ff5adf0aec6b4b5361559ec435
515,https://media2.giphy.com/media/b2SP9QlVyq1r2/giphy-downsized.gif?cid=e1bb72ff5adf0aec6b4b5361559ec435
516,https://media2.giphy.com/media/gx2Ui2hu4Ori8/giphy-tumblr.gif?cid=e1bb72ff5adf0aec6b4b5361559ec435
517,https://media3.giphy.com/media/TJ68bgiVI82JO/giphy-downsized.gif?cid=e1bb72ff5adf0aec6b4b5361559ec435
518,https://media3.giphy.com/media/148tgMI6HQ27LO/giphy-downsized.gif?cid=e1bb72ff5adf0aec6b4b5361559ec435
519,https://media2.giphy.com/media/l49JThpgIOD24fGxi/giphy.gif?cid=e1bb72ff5adf0aec6b4b5361559ec435
520,https://media3.giphy.com/media/zNeY0bnv5cn9C/giphy-downsized.gif?cid=e1bb72ff5adf0aec6b4b5361559ec435
521,https://media1.giphy.com/media/mUJKLVV6SrcOI/giphy-tumblr.gif?cid=e1bb72ff5adf0aec6b4b5361559ec435
522,https://media3.giphy.com/media/cECEiG5gIEwEg/giphy-downsized.gif?cid=e1bb72ff5adf0aec6b4b5361559ec435
523,https://media0.giphy.com/media/saOBjkasXxpRu/giphy.gif?cid=e1bb72ff5adf0aec6b4b5361559ec435
524,https://media2.giphy.com/media/as5KKEVkyZ8c0/giphy-downsized.gif?cid=e1bb72ff5adf0aec6b4b5361559ec435
525,https://media0.giphy.com/media/10UnQKpvjttkAM/giphy-downsized.gif?cid=e1bb72ff5adf0aec6b4b5361559ec435
526,https://media1.giphy.com/media/AOfJzBDsN9xVC/giphy-downsized.gif?cid=e1bb72ff5adf0aec6b4b5361559ec435
527,https://media1.giphy.com/media/50xBFs9kxvzLW/giphy-tumblr.gif?cid=e1bb72ff5adf0aec6b4b5361559ec435
528,https://media0.giphy.com/media/lFGL1mTY9vyYo/giphy-downsized.gif?cid=e1bb72ff5adf0aec6b4b5361559ec435
529,https://media0.giphy.com/media/H3LEwuWmVy1Ms/giphy-tumblr.gif?cid=e1bb72ff5adf0aec6b4b5361559ec435
530,https://media0.giphy.com/media/cFf3HoF72uXao/giphy-downsized.gif?cid=e1bb72ff5adf0aec6b4b5361559ec435
531,https://media0.giphy.com/media/oJ8JfFCz1vkVG/giphy.gif?cid=e1bb72ff5adf0aec6b4b5361559ec435
532,https://media3.giphy.com/media/G65CjNHhDSDPG/giphy-tumblr.gif?cid=e1bb72ff5adf0aec6b4b5361559ec435
533,https://media1.giphy.com/media/KyUydx1xGhYT6/giphy-downsized.gif?cid=e1bb72ff5adf0aec6b4b5361559ec435
534,https://media0.giphy.com/media/xT1XGQ9TuiWq3Gb7z2/giphy-downsized.gif?cid=e1bb72ff5adf0aec6b4b5361559ec435
535,https://media1.giphy.com/media/NGfA1idYxCU24/giphy-downsized.gif?cid=e1bb72ff5adf0aec6b4b5361559ec435
536,https://media2.giphy.com/media/KUUXPIF439swE/giphy-downsized.gif?cid=e1bb72ff5adf0aec6b4b5361559ec435
537,https://media2.giphy.com/media/FCiBq3pRmd5bG/giphy-downsized.gif?cid=e1bb72ff5adf0aec6b4b5361559ec435
538,https://media0.giphy.com/media/uvdv57Rt4aIOA/giphy.gif?cid=e1bb72ff5adf0aec6b4b5361559ec435
539,https://media2.giphy.com/media/Ki83sBj21sypW/giphy-downsized.gif?cid=e1bb72ff5adf0aec6b4b5361559ec435
540,https://media2.giphy.com/media/b2SP9QlVyq1r2/giphy-downsized.gif?cid=e1bb72ff5adf0aec6b4b5361559ec435
541,https://media2.giphy.com/media/gx2Ui2hu4Ori8/giphy-tumblr.gif?cid=e1bb72ff5adf0aec6b4b5361559ec435
542,https://media3.giphy.com/media/TJ68bgiVI82JO/giphy-downsized.gif?cid=e1bb72ff5adf0aec6b4b5361559ec435
543,https://media3.giphy.com/media/148tgMI6HQ27LO/giphy-downsized.gif?cid=e1bb72ff5adf0aec6b4b5361559ec435
544,https://media2.giphy.com/media/l49JThpgIOD24fGxi/giphy.gif?cid=e1bb72ff5adf0aec6b4b5361559ec435
545,https://media3.giphy.com/media/zNeY0bnv5cn9C/giphy-downsized.gif?cid=e1bb72ff5adf0aec6b4b5361559ec435
546,https://media1.giphy.com/media/mUJKLVV6SrcOI/giphy-tumblr.gif?cid=e1bb72ff5adf0aec6b4b5361559ec435
547,https://media3.giphy.com/media/cECEiG5gIEwEg/giphy-downsized.gif?cid=e1bb72ff5adf0aec6b4b5361559ec435
548,https://media0.giphy.com/media/saOBjkasXxpRu/giphy.gif?cid=e1bb72ff5adf0aec6b4b5361559ec435
549,https://media2.giphy.com/media/as5KKEVkyZ8c0/giphy-downsized.gif?cid=e1bb72ff5adf0aec6b4b5361559ec435
550,https://media0.giphy.com/media/10UnQKpvjttkAM/giphy-downsized.gif?cid=e1bb72ff5adf0aec6b4b5361559ec435
551,https://media1.giphy.com/media/AOfJzBDsN9xVC/giphy-downsized.gif?cid=e1bb72ff5adf0aec6b4b5361559ec435
552,https://media1.giphy.com/media/50xBFs9kxvzLW/giphy-tumblr.gif?cid=e1bb72ff5adf0aec6b4b5361559ec435
553,https://media0.giphy.com/media/lFGL1mTY9vyYo/giphy-downsized.gif?cid=e1bb72ff5adf0aec6b4b5361559ec435
554,https://media0.giphy.com/media/H3LEwuWmVy1Ms/giphy-tumblr.gif?cid=e1bb72ff5adf0aec6b4b5361559ec435
555,https://media0.giphy.com/media/cFf3HoF72uXao/giphy-downsized.gif?cid=e1bb72ff5adf0aec6b4b5361559ec435
556,https://media0.giphy.com/media/oJ8JfFCz1vkVG/giphy.gif?cid=e1bb72ff5adf0aec6b4b5361559ec435
557,https://media3.giphy.com/media/G65CjNHhDSDPG/giphy-tumblr.gif?cid=e1bb72ff5adf0aec6b4b5361559ec435
558,https://media1.giphy.com/media/KyUydx1xGhYT6/giphy-downsized.gif?cid=e1bb72ff5adf0aec6b4b5361559ec435
559,https://media0.giphy.com/media/xT1XGQ9TuiWq3Gb7z2/giphy-downsized.gif?cid=e1bb72ff5adf0aec6b4b5361559ec435
560,https://media1.giphy.com/media/NGfA1idYxCU24/giphy-downsized.gif?cid=e1bb72ff5adf0aec6b4b5361559ec435
561,https://media2.giphy.com/media/KUUXPIF439swE/giphy-downsized.gif?cid=e1bb72ff5adf0aec6b4b5361559ec435
562,https://media2.giphy.com/media/FCiBq3pRmd5bG/giphy-downsized.gif?cid=e1bb72ff5adf0aec6b4b5361559ec435
563,https://media0.giphy.com/media/uvdv57Rt4aIOA/giphy.gif?cid=e1bb72ff5adf0aec6b4b5361559ec435
564,https://media2.giphy.com/media/Ki83sBj21sypW/giphy-downsized.gif?cid=e1bb72ff5adf0aec6b4b5361559ec435
565,https://media2.giphy.com/media/b2SP9QlVyq1r2/giphy-downsized.gif?cid=e1bb72ff5adf0aec6b4b5361559ec435
566,https://media2.giphy.com/media/gx2Ui2hu4Ori8/giphy-tumblr.gif?cid=e1bb72ff5adf0aec6b4b5361559ec435
567,https://media3.giphy.com/media/TJ68bgiVI82JO/giphy-downsized.gif?cid=e1bb72ff5adf0aec6b4b5361559ec435
568,https://media3.giphy.com/media/148tgMI6HQ27LO/giphy-downsized.gif?cid=e1bb72ff5adf0aec6b4b5361559ec435
569,https://media2.giphy.com/media/l49JThpgIOD24fGxi/giphy.gif?cid=e1bb72ff5adf0aec6b4b5361559ec435
570,https://media3.giphy.com/media/zNeY0bnv5cn9C/giphy-downsized.gif?cid=e1bb72ff5adf0aec6b4b5361559ec435
571,https://media1.giphy.com/media/mUJKLVV6SrcOI/giphy-tumblr.gif?cid=e1bb72ff5adf0aec6b4b5361559ec435
572,https://media3.giphy.com/media/cECEiG5gIEwEg/giphy-downsized.gif?cid=e1bb72ff5adf0aec6b4b5361559ec435
573,https://media0.giphy.com/media/saOBjkasXxpRu/giphy.gif?cid=e1bb72ff5adf0aec6b4b5361559ec435
574,https://media2.giphy.com/media/as5KKEVkyZ8c0/giphy-downsized.gif?cid=e1bb72ff5adf0aec6b4b5361559ec435
575,https://media0.giphy.com/media/10UnQKpvjttkAM/giphy-downsized.gif?cid=e1bb72ff5adf0aec6b4b5361559ec435
576,https://media1.giphy.com/media/AOfJzBDsN9xVC/giphy-downsized.gif?cid=e1bb72ff5adf0aec6b4b5361559ec435
577,https://media1.giphy.com/media/50xBFs9kxvzLW/giphy-tumblr.gif?cid=e1bb72ff5adf0aec6b4b5361559ec435
578,https://media0.giphy.com/media/lFGL1mTY9vyYo/giphy-downsized.gif?cid=e1bb72ff5adf0aec6b4b5361559ec435
579,https://media0.giphy.com/media/H3LEwuWmVy1Ms/giphy-tumblr.gif?cid=e1bb72ff5adf0aec6b4b5361559ec435
580,https://media0.giphy.com/media/cFf3HoF72uXao/giphy-downsized.gif?cid=e1bb72ff5adf0aec6b4b5361559ec435
581,https://media0.giphy.com/media/oJ8JfFCz1vkVG/giphy.gif?cid=e1bb72ff5adf0aec6b4b5361559ec435
582,https://media3.giphy.com/media/G65CjNHhDSDPG/giphy-tumblr.gif?cid=e1bb72ff5adf0aec6b4b5361559ec435
583,https://media1.giphy.com/media/KyUydx1xGhYT6/giphy-downsized.gif?cid=e1bb72ff5adf0aec6b4b5361559ec435
584,https://media0.giphy.com/media/xT1XGQ9TuiWq3Gb7z2/giphy-downsized.gif?cid=e1bb72ff5adf0aec6b4b5361559ec435
585,https://media1.giphy.com/media/NGfA1idYxCU24/giphy-downsized.gif?cid=e1bb72ff5adf0aec6b4b5361559ec435
586,https://media2.giphy.com/media/KUUXPIF439swE/giphy-downsized.gif?cid=e1bb72ff5adf0aec6b4b5361559ec435
587,https://media2.giphy.com/media/FCiBq3pRmd5bG/giphy-downsized.gif?cid=e1bb72ff5adf0aec6b4b5361559ec435
588,https://media0.giphy.com/media/uvdv57Rt4aIOA/giphy.gif?cid=e1bb72ff5adf0aec6b4b5361559ec435
589,https://media2.giphy.com/media/Ki83sBj21sypW/giphy-downsized.gif?cid=e1bb72ff5adf0aec6b4b5361559ec435
590,https://media2.giphy.com/media/b2SP9QlVyq1r2/giphy-downsized.gif?cid=e1bb72ff5adf0aec6b4b5361559ec435
591,https://media2.giphy.com/media/gx2Ui2hu4Ori8/giphy-tumblr.gif?cid=e1bb72ff5adf0aec6b4b5361559ec435
592,https://media3.giphy.com/media/TJ68bgiVI82JO/giphy-downsized.gif?cid=e1bb72ff5adf0aec6b4b5361559ec435
593,https://media3.giphy.com/media/148tgMI6HQ27LO/giphy-downsized.gif?cid=e1bb72ff5adf0aec6b4b5361559ec435
594,https://media2.giphy.com/media/l49JThpgIOD24fGxi/giphy.gif?cid=e1bb72ff5adf0aec6b4b5361559ec435
595,https://media3.giphy.com/media/zNeY0bnv5cn9C/giphy-downsized.gif?cid=e1bb72ff5adf0aec6b4b5361559ec435
596,https://media1.giphy.com/media/mUJKLVV6SrcOI/giphy-tumblr.gif?cid=e1bb72ff5adf0aec6b4b5361559ec435
597,https://media3.giphy.com/media/cECEiG5gIEwEg/giphy-downsized.gif?cid=e1bb72ff5adf0aec6b4b5361559ec435
598,https://media0.giphy.com/media/saOBjkasXxpRu/giphy.gif?cid=e1bb72ff5adf0aec6b4b5361559ec435
599,https://media2.giphy.com/media/as5KKEVkyZ8c0/giphy-downsized.gif?cid=e1bb72ff5adf0aec6b4b5361559ec435
600,https://media0.giphy.com/media/10UnQKpvjttkAM/giphy-downsized.gif?cid=e1bb72ff5adf0aec6b4b5361559ec435
601,https://media1.giphy.com/media/AOfJzBDsN9xVC/giphy-downsized.gif?cid=e1bb72ff5adf0aec6b4b5361559ec435
602,https://media1.giphy.com/media/50xBFs9kxvzLW/giphy-tumblr.gif?cid=e1bb72ff5adf0aec6b4b5361559ec435
603,https://media0.giphy.com/media/lFGL1mTY9vyYo/giphy-downsized.gif?cid=e1bb72ff5adf0aec6b4b5361559ec435
604,https://media0.giphy.com/media/H3LEwuWmVy1Ms/giphy-tumblr.gif?cid=e1bb72ff5adf0aec6b4b5361559ec435
605,https://media0.giphy.com/media/cFf3HoF72uXao/giphy-downsized.gif?cid=e1bb72ff5adf0aec6b4b5361559ec435
606,https://media0.giphy.com/media/oJ8JfFCz1vkVG/giphy.gif?cid=e1bb72ff5adf0aec6b4b5361559ec435
607,https://media3.giphy.com/media/G65CjNHhDSDPG/giphy-tumblr.gif?cid=e1bb72ff5adf0aec6b4b5361559ec435
608,https://media1.giphy.com/media/KyUydx1xGhYT6/giphy-downsized.gif?cid=e1bb72ff5adf0aec6b4b5361559ec435
609,https://media0.giphy.com/media/xT1XGQ9TuiWq3Gb7z2/giphy-downsized.gif?cid=e1bb72ff5adf0aec6b4b5361559ec435
610,https://media1.giphy.com/media/NGfA1idYxCU24/giphy-downsized.gif?cid=e1bb72ff5adf0aec6b4b5361559ec435
611,https://media2.giphy.com/media/KUUXPIF439swE/giphy-downsized.gif?cid=e1bb72ff5adf0aec6b4b5361559ec435
612,https://media2.giphy.com/media/FCiBq3pRmd5bG/giphy-downsized.gif?cid=e1bb72ff5adf0aec6b4b5361559ec435
613,https://media0.giphy.com/media/uvdv57Rt4aIOA/giphy.gif?cid=e1bb72ff5adf0aec6b4b5361559ec435
614,https://media2.giphy.com/media/Ki83sBj21sypW/giphy-downsized.gif?cid=e1bb72ff5adf0aec6b4b5361559ec435
615,https://media2.giphy.com/media/b2SP9QlVyq1r2/giphy-downsized.gif?cid=e1bb72ff5adf0aec6b4b5361559ec435
616,https://media2.giphy.com/media/gx2Ui2hu4Ori8/giphy-tumblr.gif?cid=e1bb72ff5adf0aec6b4b5361559ec435
617,https://media3.giphy.com/media/TJ68bgiVI82JO/giphy-downsized.gif?cid=e1bb72ff5adf0aec6b4b5361559ec435
618,https://media3.giphy.com/media/148tgMI6HQ27LO/giphy-downsized.gif?cid=e1bb72ff5adf0aec6b4b5361559ec435
619,https://media2.giphy.com/media/l49JThpgIOD24fGxi/giphy.gif?cid=e1bb72ff5adf0aec6b4b5361559ec435
620,https://media3.giphy.com/media/zNeY0bnv5cn9C/giphy-downsized.gif?cid=e1bb72ff5adf0aec6b4b5361559ec435
621,https://media1.giphy.com/media/mUJKLVV6SrcOI/giphy-tumblr.gif?cid=e1bb72ff5adf0aec6b4b5361559ec435
622,https://media3.giphy.com/media/cECEiG5gIEwEg/giphy-downsized.gif?cid=e1bb72ff5adf0aec6b4b5361559ec435
623,https://media0.giphy.com/media/saOBjkasXxpRu/giphy.gif?cid=e1bb72ff5adf0aec6b4b5361559ec435
624,https://media2.giphy.com/media/as5KKEVkyZ8c0/giphy-downsized.gif?cid=e1bb72ff5adf0aec6b4b5361559ec435
625,https://media0.giphy.com/media/10UnQKpvjttkAM/giphy-downsized.gif?cid=e1bb72ff5adf0aec6b4b5361559ec435
626,https://media1.giphy.com/media/AOfJzBDsN9xVC/giphy-downsized.gif?cid=e1bb72ff5adf0aec6b4b5361559ec435
627,https://media1.giphy.com/media/50xBFs9kxvzLW/giphy-tumblr.gif?cid=e1bb72ff5adf0aec6b4b5361559ec435
628,https://media0.giphy.com/media/lFGL1mTY9vyYo/giphy-downsized.gif?cid=e1bb72ff5adf0aec6b4b5361559ec435
629,https://media0.giphy.com/media/H3LEwuWmVy1Ms/giphy-tumblr.gif?cid=e1bb72ff5adf0aec6b4b5361559ec435
630,https://media0.giphy.com/media/cFf3HoF72uXao/giphy-downsized.gif?cid=e1bb72ff5adf0aec6b4b5361559ec435
631,https://media0.giphy.com/media/oJ8JfFCz1vkVG/giphy.gif?cid=e1bb72ff5adf0aec6b4b5361559ec435
632,https://media3.giphy.com/media/G65CjNHhDSDPG/giphy-tumblr.gif?cid=e1bb72ff5adf0aec6b4b5361559ec435
633,https://media1.giphy.com/media/KyUydx1xGhYT6/giphy-downsized.gif?cid=e1bb72ff5adf0aec6b4b5361559ec435
634,https://media0.giphy.com/media/xT1XGQ9TuiWq3Gb7z2/giphy-downsized.gif?cid=e1bb72ff5adf0aec6b4b5361559ec435
635,https://media1.giphy.com/media/NGfA1idYxCU24/giphy-downsized.gif?cid=e1bb72ff5adf0aec6b4b5361559ec435
636,https://media2.giphy.com/media/KUUXPIF439swE/giphy-downsized.gif?cid=e1bb72ff5adf0aec6b4b5361559ec435
637,https://media2.giphy.com/media/FCiBq3pRmd5bG/giphy-downsized.gif?cid=e1bb72ff5adf0aec6b4b5361559ec435
638,https://media0.giphy.com/media/uvdv57Rt4aIOA/giphy.gif?cid=e1bb72ff5adf0aec6b4b5361559ec435
639,https://media2.giphy.com/media/Ki83sBj21sypW/giphy-downsized.gif?cid=e1bb72ff5adf0aec6b4b5361559ec435
640,https://media2.giphy.com/media/b2SP9QlVyq1r2/giphy-downsized.gif?cid=e1bb72ff5adf0aec6b4b5361559ec435
641,https://media2.giphy.com/media/gx2Ui2hu4Ori8/giphy-tumblr.gif?cid=e1bb72ff5adf0aec6b4b5361559ec435
642,https://media3.giphy.com/media/TJ68bgiVI82JO/giphy-downsized.gif?cid=e1bb72ff5adf0aec6b4b5361559ec435
643,https://media3.giphy.com/media/148tgMI6HQ27LO/giphy-downsized.gif?cid=e1bb72ff5adf0aec6b4b5361559ec435
644,https://media2.giphy.com/media/l49JThpgIOD24fGxi/giphy.gif?cid=e1bb72ff5adf0aec6b4b5361559ec435
645,https://media3.giphy.com/media/zNeY0bnv5cn9C/giphy-downsized.gif?cid=e1bb72ff5adf0aec6b4b5361559ec435
646,https://media1.giphy.com/media/mUJKLVV6SrcOI/giphy-tumblr.gif?cid=e1bb72ff5adf0aec6b4b5361559ec435
647,https://media3.giphy.com/media/cECEiG5gIEwEg/giphy-downsized.gif?cid=e1bb72ff5adf0aec6b4b5361559ec435
648,https://media0.giphy.com/media/saOBjkasXxpRu/giphy.gif?cid=e1bb72ff5adf0aec6b4b5361559ec435
649,https://media2.giphy.com/media/as5KKEVkyZ8c0/giphy-downsized.gif?cid=e1bb72ff5adf0aec6b4b5361559ec435
650,https://media0.giphy.com/media/10UnQKpvjttkAM/giphy-downsized.gif?cid=e1bb72ff5adf0aec6b4b5361559ec435
651,https://media1.giphy.com/media/AOfJzBDsN9xVC/giphy-downsized.gif?cid=e1bb72ff5adf0aec6b4b5361559ec435
652,https://media1.giphy.com/media/50xBFs9kxvzLW/giphy-tumblr.gif?cid=e1bb72ff5adf0aec6b4b5361559ec435
653,https://media0.giphy.com/media/lFGL1mTY9vyYo/giphy-downsized.gif?cid=e1bb72ff5adf0aec6b4b5361559ec435
654,https://media0.giphy.com/media/H3LEwuWmVy1Ms/giphy-tumblr.gif?cid=e1bb72ff5adf0aec6b4b5361559ec435
655,https://media0.giphy.com/media/cFf3HoF72uXao/giphy-downsized.gif?cid=e1bb72ff5adf0aec6b4b5361559ec435
656,https://media0.giphy.com/media/oJ8JfFCz1vkVG/giphy.gif?cid=e1bb72ff5adf0aec6b4b5361559ec435
657,https://media3.giphy.com/media/G65CjNHhDSDPG/giphy-tumblr.gif?cid=e1bb72ff5adf0aec6b4b5361559ec435
658,https://media1.giphy.com/media/KyUydx1xGhYT6/giphy-downsized.gif?cid=e1bb72ff5adf0aec6b4b5361559ec435
659,https://media0.giphy.com/media/xT1XGQ9TuiWq3Gb7z2/giphy-downsized.gif?cid=e1bb72ff5adf0aec6b4b5361559ec435
660,https://media1.giphy.com/media/NGfA1idYxCU24/giphy-downsized.gif?cid=e1bb72ff5adf0aec6b4b5361559ec435
661,https://media2.giphy.com/media/KUUXPIF439swE/giphy-downsized.gif?cid=e1bb72ff5adf0aec6b4b5361559ec435
662,https://media2.giphy.com/media/FCiBq3pRmd5bG/giphy-downsized.gif?cid=e1bb72ff5adf0aec6b4b5361559ec435
663,https://media0.giphy.com/media/uvdv57Rt4aIOA/giphy.gif?cid=e1bb72ff5adf0aec6b4b5361559ec435
664,https://media2.giphy.com/media/Ki83sBj21sypW/giphy-downsized.gif?cid=e1bb72ff5adf0aec6b4b5361559ec435
665,https://media2.giphy.com/media/b2SP9QlVyq1r2/giphy-downsized.gif?cid=e1bb72ff5adf0aec6b4b5361559ec435
666,https://media2.giphy.com/media/gx2Ui2hu4Ori8/giphy-tumblr.gif?cid=e1bb72ff5adf0aec6b4b5361559ec435
667,https://media3.giphy.com/media/TJ68bgiVI82JO/giphy-downsized.gif?cid=e1bb72ff5adf0aec6b4b5361559ec435
668,https://media3.giphy.com/media/148tgMI6HQ27LO/giphy-downsized.gif?cid=e1bb72ff5adf0aec6b4b5361559ec435
669,https://media2.giphy.com/media/l49JThpgIOD24fGxi/giphy.gif?cid=e1bb72ff5adf0aec6b4b5361559ec435
670,https://media3.giphy.com/media/zNeY0bnv5cn9C/giphy-downsized.gif?cid=e1bb72ff5adf0aec6b4b5361559ec435
671,https://media1.giphy.com/media/mUJKLVV6SrcOI/giphy-tumblr.gif?cid=e1bb72ff5adf0aec6b4b5361559ec435
672,https://media3.giphy.com/media/cECEiG5gIEwEg/giphy-downsized.gif?cid=e1bb72ff5adf0aec6b4b5361559ec435
673,https://media0.giphy.com/media/saOBjkasXxpRu/giphy.gif?cid=e1bb72ff5adf0aec6b4b5361559ec435
674,https://media2.giphy.com/media/as5KKEVkyZ8c0/giphy-downsized.gif?cid=e1bb72ff5adf0aec6b4b5361559ec435
675,https://media0.giphy.com/media/10UnQKpvjttkAM/giphy-downsized.gif?cid=e1bb72ff5adf0aec6b4b5361559ec435
676,https://media1.giphy.com/media/AOfJzBDsN9xVC/giphy-downsized.gif?cid=e1bb72ff5adf0aec6b4b5361559ec435
677,https://media1.giphy.com/media/50xBFs9kxvzLW/giphy-tumblr.gif?cid=e1bb72ff5adf0aec6b4b5361559ec435
678,https://media0.giphy.com/media/lFGL1mTY9vyYo/giphy-downsized.gif?cid=e1bb72ff5adf0aec6b4b5361559ec435
679,https://media0.giphy.com/media/H3LEwuWmVy1Ms/giphy-tumblr.gif?cid=e1bb72ff5adf0aec6b4b5361559ec435
680,https://media0.giphy.com/media/cFf3HoF72uXao/giphy-downsized.gif?cid=e1bb72ff5adf0aec6b4b5361559ec435
681,https://media0.giphy.com/media/oJ8JfFCz1vkVG/giphy.gif?cid=e1bb72ff5adf0aec6b4b5361559ec435
682,https://media3.giphy.com/media/G65CjNHhDSDPG/giphy-tumblr.gif?cid=e1bb72ff5adf0aec6b4b5361559ec435
683,https://media1.giphy.com/media/KyUydx1xGhYT6/giphy-downsized.gif?cid=e1bb72ff5adf0aec6b4b5361559ec435
684,https://media0.giphy.com/media/xT1XGQ9TuiWq3Gb7z2/giphy-downsized.gif?cid=e1bb72ff5adf0aec6b4b5361559ec435
685,https://media1.giphy.com/media/NGfA1idYxCU24/giphy-downsized.gif?cid=e1bb72ff5adf0aec6b4b5361559ec435
686,https://media2.giphy.com/media/KUUXPIF439swE/giphy-downsized.gif?cid=e1bb72ff5adf0aec6b4b5361559ec435
687,https://media2.giphy.com/media/FCiBq3pRmd5bG/giphy-downsized.gif?cid=e1bb72ff5adf0aec6b4b5361559ec435
688,https://media0.giphy.com/media/uvdv57Rt4aIOA/giphy.gif?cid=e1bb72ff5adf0aec6b4b5361559ec435
689,https://media2.giphy.com/media/Ki83sBj21sypW/giphy-downsized.gif?cid=e1bb72ff5adf0aec6b4b5361559ec435
690,https://media2.giphy.com/media/b2SP9QlVyq1r2/giphy-downsized.gif?cid=e1bb72ff5adf0aec6b4b5361559ec435
691,https://media2.giphy.com/media/gx2Ui2hu4Ori8/giphy-tumblr.gif?cid=e1bb72ff5adf0aec6b4b5361559ec435
692,https://media3.giphy.com/media/TJ68bgiVI82JO/giphy-downsized.gif?cid=e1bb72ff5adf0aec6b4b5361559ec435
693,https://media3.giphy.com/media/148tgMI6HQ27LO/giphy-downsized.gif?cid=e1bb72ff5adf0aec6b4b5361559ec435
694,https://media2.giphy.com/media/l49JThpgIOD24fGxi/giphy.gif?cid=e1bb72ff5adf0aec6b4b5361559ec435
695,https://media3.giphy.com/media/zNeY0bnv5cn9C/giphy-downsized.gif?cid=e1bb72ff5adf0aec6b4b5361559ec435
696,https://media1.giphy.com/media/mUJKLVV6SrcOI/giphy-tumblr.gif?cid=e1bb72ff5adf0aec6b4b5361559ec435
697,https://media3.giphy.com/media/cECEiG5gIEwEg/giphy-downsized.gif?cid=e1bb72ff5adf0aec6b4b5361559ec435
698,https://media0.giphy.com/media/saOBjkasXxpRu/giphy.gif?cid=e1bb72ff5adf0aec6b4b5361559ec435
699,https://media2.giphy.com/media/as5KKEVkyZ8c0/giphy-downsized.gif?cid=e1bb72ff5adf0aec6b4b5361559ec435
700,https://media0.giphy.com/media/10UnQKpvjttkAM/giphy-downsized.gif?cid=e1bb72ff5adf0aec6b4b5361559ec435
701,https://media1.giphy.com/media/AOfJzBDsN9xVC/giphy-downsized.gif?cid=e1bb72ff5adf0aec6b4b5361559ec435
702,https://media1.giphy.com/media/50xBFs9kxvzLW/giphy-tumblr.gif?cid=e1bb72ff5adf0aec6b4b5361559ec435
703,https://media0.giphy.com/media/lFGL1mTY9vyYo/giphy-downsized.gif?cid=e1bb72ff5adf0aec6b4b5361559ec435
704,https://media0.giphy.com/media/H3LEwuWmVy1Ms/giphy-tumblr.gif?cid=e1bb72ff5adf0aec6b4b5361559ec435
705,https://media0.giphy.com/media/cFf3HoF72uXao/giphy-downsized.gif?cid=e1bb72ff5adf0aec6b4b5361559ec435
706,https://media0.giphy.com/media/oJ8JfFCz1vkVG/giphy.gif?cid=e1bb72ff5adf0aec6b4b5361559ec435
707,https://media3.giphy.com/media/G65CjNHhDSDPG/giphy-tumblr.gif?cid=e1bb72ff5adf0aec6b4b5361559ec435
708,https://media1.giphy.com/media/KyUydx1xGhYT6/giphy-downsized.gif?cid=e1bb72ff5adf0aec6b4b5361559ec435
709,https://media0.giphy.com/media/xT1XGQ9TuiWq3Gb7z2/giphy-downsized.gif?cid=e1bb72ff5adf0aec6b4b5361559ec435
710,https://media1.giphy.com/media/NGfA1idYxCU24/giphy-downsized.gif?cid=e1bb72ff5adf0aec6b4b5361559ec435
711,https://media2.giphy.com/media/KUUXPIF439swE/giphy-downsized.gif?cid=e1bb72ff5adf0aec6b4b5361559ec435
712,https://media2.giphy.com/media/FCiBq3pRmd5bG/giphy-downsized.gif?cid=e1bb72ff5adf0aec6b4b5361559ec435
713,https://media0.giphy.com/media/uvdv57Rt4aIOA/giphy.gif?cid=e1bb72ff5adf0aec6b4b5361559ec435
714,https://media2.giphy.com/media/Ki83sBj21sypW/giphy-downsized.gif?cid=e1bb72ff5adf0aec6b4b5361559ec435
715,https://media2.giphy.com/media/b2SP9QlVyq1r2/giphy-downsized.gif?cid=e1bb72ff5adf0aec6b4b5361559ec435
716,https://media2.giphy.com/media/gx2Ui2hu4Ori8/giphy-tumblr.gif?cid=e1bb72ff5adf0aec6b4b5361559ec435
717,https://media3.giphy.com/media/TJ68bgiVI82JO/giphy-downsized.gif?cid=e1bb72ff5adf0aec6b4b5361559ec435
718,https://media3.giphy.com/media/148tgMI6HQ27LO/giphy-downsized.gif?cid=e1bb72ff5adf0aec6b4b5361559ec435
719,https://media2.giphy.com/media/l49JThpgIOD24fGxi/giphy.gif?cid=e1bb72ff5adf0aec6b4b5361559ec435
720,https://media3.giphy.com/media/zNeY0bnv5cn9C/giphy-downsized.gif?cid=e1bb72ff5adf0aec6b4b5361559ec435
721,https://media1.giphy.com/media/mUJKLVV6SrcOI/giphy-tumblr.gif?cid=e1bb72ff5adf0aec6b4b5361559ec435
722,https://media3.giphy.com/media/cECEiG5gIEwEg/giphy-downsized.gif?cid=e1bb72ff5adf0aec6b4b5361559ec435
723,https://media0.giphy.com/media/saOBjkasXxpRu/giphy.gif?cid=e1bb72ff5adf0aec6b4b5361559ec435
724,https://media2.giphy.com/media/as5KKEVkyZ8c0/giphy-downsized.gif?cid=e1bb72ff5adf0aec6b4b5361559ec435
725,https://media0.giphy.com/media/10UnQKpvjttkAM/giphy-downsized.gif?cid=e1bb72ff5adf0aec6b4b5361559ec435
726,https://media1.giphy.com/media/AOfJzBDsN9xVC/giphy-downsized.gif?cid=e1bb72ff5adf0aec6b4b5361559ec435
727,https://media1.giphy.com/media/50xBFs9kxvzLW/giphy-tumblr.gif?cid=e1bb72ff5adf0aec6b4b5361559ec435
728,https://media0.giphy.com/media/lFGL1mTY9vyYo/giphy-downsized.gif?cid=e1bb72ff5adf0aec6b4b5361559ec435
729,https://media0.giphy.com/media/H3LEwuWmVy1Ms/giphy-tumblr.gif?cid=e1bb72ff5adf0aec6b4b5361559ec435
730,https://media0.giphy.com/media/cFf3HoF72uXao/giphy-downsized.gif?cid=e1bb72ff5adf0aec6b4b5361559ec435
731,https://media0.giphy.com/media/oJ8JfFCz1vkVG/giphy.gif?cid=e1bb72ff5adf0aec6b4b5361559ec435
732,https://media3.giphy.com/media/G65CjNHhDSDPG/giphy-tumblr.gif?cid=e1bb72ff5adf0aec6b4b5361559ec435
733,https://media1.giphy.com/media/KyUydx1xGhYT6/giphy-downsized.gif?cid=e1bb72ff5adf0aec6b4b5361559ec435
734,https://media0.giphy.com/media/xT1XGQ9TuiWq3Gb7z2/giphy-downsized.gif?cid=e1bb72ff5adf0aec6b4b5361559ec435
735,https://media1.giphy.com/media/NGfA1idYxCU24/giphy-downsized.gif?cid=e1bb72ff5adf0aec6b4b5361559ec435
736,https://media2.giphy.com/media/KUUXPIF439swE/giphy-downsized.gif?cid=e1bb72ff5adf0aec6b4b5361559ec435
737,https://media2.giphy.com/media/FCiBq3pRmd5bG/giphy-downsized.gif?cid=e1bb72ff5adf0aec6b4b5361559ec435
738,https://media0.giphy.com/media/uvdv57Rt4aIOA/giphy.gif?cid=e1bb72ff5adf0aec6b4b5361559ec435
739,https://media2.giphy.com/media/Ki83sBj21sypW/giphy-downsized.gif?cid=e1bb72ff5adf0aec6b4b5361559ec435
740,https://media2.giphy.com/media/b2SP9QlVyq1r2/giphy-downsized.gif?cid=e1bb72ff5adf0aec6b4b5361559ec435
741,https://media2.giphy.com/media/gx2Ui2hu4Ori8/giphy-tumblr.gif?cid=e1bb72ff5adf0aec6b4b5361559ec435
742,https://media3.giphy.com/media/TJ68bgiVI82JO/giphy-downsized.gif?cid=e1bb72ff5adf0aec6b4b5361559ec435
743,https://media3.giphy.com/media/148tgMI6HQ27LO/giphy-downsized.gif?cid=e1bb72ff5adf0aec6b4b5361559ec435
744,https://media2.giphy.com/media/l49JThpgIOD24fGxi/giphy.gif?cid=e1bb72ff5adf0aec6b4b5361559ec435
745,https://media3.giphy.com/media/zNeY0bnv5cn9C/giphy-downsized.gif?cid=e1bb72ff5adf0aec6b4b5361559ec435
746,https://media1.giphy.com/media/mUJKLVV6SrcOI/giphy-tumblr.gif?cid=e1bb72ff5adf0aec6b4b5361559ec435
747,https://media3.giphy.com/media/cECEiG5gIEwEg/giphy-downsized.gif?cid=e1bb72ff5adf0aec6b4b5361559ec435
748,https://media0.giphy.com/media/saOBjkasXxpRu/giphy.gif?cid=e1bb72ff5adf0aec6b4b5361559ec435
749,https://media2.giphy.com/media/as5KKEVkyZ8c0/giphy-downsized.gif?cid=e1bb72ff5adf0aec6b4b5361559ec435
